ad_id,content_type,click_through_rate,conversion_rate,engagement_level,view_time,cost_per_click,click_through_rate,conversion_rate,ROI
A0001,Image,0.010588101545459128,0.0657,Ignored,21,0.35,0.010588101545459128,0.0657,0.2
A0002,Text,0.022195244227212786,0.0237,Ignored,28,0.15,0.022195244227212786,0.0237,0.35
A0003,Text,0.081724482,0.1055,Commented,47,1.28,0.081724482,0.1055,0.67
A0004,Video,0.12399486405241776,0.0332,Liked,55,1.2,0.12399486405241776,0.0332,0.34
A0005,Image,0.044757373,0.1258,Shared,40,0.67,0.044757373,0.1258,0.84
A0006,Text,0.010587082,0.131,Ignored,13,0.98,0.010587082,0.131,0.14
A0007,Text,0.040898019944677476,0.0406,Liked,11,1.31,0.040898019944677476,0.0406,0.13
A0008,Text,0.048686606,0.0997,Shared,28,0.52,0.048686606,0.0997,0.93
A0009,Image,0.14480889733442337,0.01,Shared,51,0.52,0.14480889733442337,0.01,0.28
A0010,Image,0.11620933209282035,0.1008,Liked,44,0.98,0.11620933209282035,0.1008,1.2
A0011,Image,0.11290504709801072,0.1068,Ignored,45,0.55,0.11290504709801072,0.1068,2.19
A0012,Image,0.1490457191872641,0.1397,Shared,36,0.37,0.1490457191872641,0.1397,5.63
A0013,Image,0.1068708453263587,0.0804,Commented,31,0.37,0.1068708453263587,0.0804,2.32
A0014,Video,0.1399016767906327,0.1204,Liked,14,0.83,0.1399016767906327,0.1204,2.03
A0015,Video,0.096277794,0.137,Shared,50,1,0.096277794,0.137,1.32
A0016,Video,0.04459308,0.1452,Liked,48,0.21,0.04459308,0.1452,3.08
A0017,Text,0.054402518,0.0562,Shared,45,0.55,0.054402518,0.0562,0.56
A0018,Image,0.14492245819715494,0.0131,Shared,59,1.27,0.14492245819715494,0.0131,0.15
A0019,Video,0.057700208,0.1489,Liked,31,1,0.057700208,0.1489,0.86
A0020,Image,0.12065054699103941,0.0714,Shared,26,0.53,0.12065054699103941,0.0714,1.63
A0021,Image,0.14569522404112722,0.0445,Shared,45,0.82,0.14569522404112722,0.0445,0.79
A0022,Image,0.11709706089890823,0.0241,Commented,52,0.13,0.11709706089890823,0.0241,2.17
A0023,Video,0.023765034216960378,0.1241,Liked,25,0.96,0.023765034216960378,0.1241,0.31
A0024,Text,0.046104259,0.0131,Commented,43,1.13,0.046104259,0.0131,0.05
A0025,Video,0.11985177285615643,0.1305,Ignored,54,0.37,0.11985177285615643,0.1305,4.23
A0026,Text,0.075939758,0.0291,Shared,50,0.89,0.075939758,0.0291,0.25
A0027,Video,0.091115517,0.0113,Liked,17,0.53,0.091115517,0.0113,0.19
A0028,Image,0.14543569971284065,0.0648,Ignored,53,1.48,0.14543569971284065,0.0648,0.64
A0029,Video,0.013662117660007616,0.113,Shared,38,0.89,0.013662117660007616,0.113,0.17
A0030,Image,0.083307379,0.0373,Liked,12,1.24,0.083307379,0.0373,0.25
A0031,Text,0.10162111204823875,0.0578,Shared,60,0.74,0.10162111204823875,0.0578,0.79
A0032,Image,0.031373817187661884,0.1455,Liked,21,0.7,0.031373817187661884,0.1455,0.65
A0033,Image,0.1448433490657889,0.0603,Shared,16,0.12,0.1448433490657889,0.0603,7.28
A0034,Text,0.03759096,0.0749,Commented,49,0.97,0.03759096,0.0749,0.29
A0035,Image,0.099129488,0.0831,Ignored,32,0.37,0.099129488,0.0831,2.23
A0036,Text,0.025016506512885013,0.0951,Liked,41,1.45,0.025016506512885013,0.0951,0.16
A0037,Image,0.070648667,0.0687,Shared,44,0.38,0.070648667,0.0687,1.28
A0038,Image,0.041510042,0.0151,Ignored,13,1.22,0.041510042,0.0151,0.05
A0039,Image,0.039926676256126815,0.0386,Ignored,57,0.73,0.039926676256126815,0.0386,0.21
A0040,Image,0.070030327,0.087,Liked,50,0.62,0.070030327,0.087,0.98
A0041,Image,0.095389538,0.1294,Liked,48,0.43,0.095389538,0.1294,2.87
A0042,Video,0.050392629,0.1436,Liked,56,0.16,0.050392629,0.1436,4.52
A0043,Image,0.074321566,0.0571,Shared,42,1.23,0.074321566,0.0571,0.35
A0044,Text,0.065197979,0.1387,Shared,21,0.41,0.065197979,0.1387,2.21
A0045,Video,0.11921687050808134,0.0418,Shared,51,1.17,0.11921687050808134,0.0418,0.43
A0046,Text,0.062354803,0.0218,Liked,40,0.85,0.062354803,0.0218,0.16
A0047,Text,0.070036117,0.0185,Ignored,47,0.26,0.070036117,0.0185,0.5
A0048,Text,0.051068578,0.052,Ignored,16,1.46,0.051068578,0.052,0.18
A0049,Text,0.090403483,0.1314,Shared,14,0.45,0.090403483,0.1314,2.64
A0050,Text,0.067981102,0.0385,Commented,58,1.36,0.067981102,0.0385,0.19
A0051,Image,0.059724657673751284,0.0454,Shared,47,0.7,0.059724657673751284,0.0454,0.39
A0052,Image,0.067905765,0.0502,Shared,26,1.09,0.067905765,0.0502,0.31
A0053,Text,0.066192102,0.0773,Liked,48,1.19,0.066192102,0.0773,0.43
A0054,Text,0.010280655303799425,0.1073,Commented,60,1.07,0.010280655303799425,0.1073,0.1
A0055,Text,0.055732597,0.0853,Ignored,12,0.57,0.055732597,0.0853,0.83
A0056,Video,0.057190409,0.1456,Commented,43,0.31,0.057190409,0.1456,2.69
A0057,Image,0.044489667,0.1217,Shared,17,0.33,0.044489667,0.1217,1.64
A0058,Image,0.100922553,0.0461,Commented,19,0.94,0.100922553,0.0461,0.49
A0059,Text,0.055791494,0.0874,Commented,52,0.37,0.055791494,0.0874,1.32
A0060,Image,0.06174326,0.1241,Liked,33,0.26,0.06174326,0.1241,2.95
A0061,Text,0.045271444312344714,0.1148,Shared,30,0.41,0.045271444312344714,0.1148,1.27
A0062,Text,0.12167168622206066,0.0902,Ignored,42,0.4,0.12167168622206066,0.0902,2.74
A0063,Image,0.07644902,0.0759,Commented,56,0.94,0.07644902,0.0759,0.62
A0064,Image,0.091579643,0.0594,Ignored,27,1.13,0.091579643,0.0594,0.48
A0065,Video,0.043771,0.0512,Liked,52,1.07,0.043771,0.0512,0.21
A0066,Text,0.04148232,0.1311,Liked,41,0.79,0.04148232,0.1311,0.69
A0067,Image,0.024121995660099947,0.1278,Shared,41,1.03,0.024121995660099947,0.1278,0.3
A0068,Image,0.054690089,0.041,Shared,49,1.34,0.054690089,0.041,0.17
A0069,Image,0.046731958,0.0908,Ignored,46,0.65,0.046731958,0.0908,0.65
A0070,Image,0.096798909,0.1412,Shared,32,1.15,0.096798909,0.1412,1.19
A0071,Image,0.12922699104205354,0.0925,Liked,12,1.43,0.12922699104205354,0.0925,0.84
A0072,Video,0.14281310067430605,0.0453,Liked,13,0.88,0.14281310067430605,0.0453,0.74
A0073,Video,0.11660930739475726,0.1248,Ignored,53,0.21,0.11660930739475726,0.1248,6.93
A0074,Image,0.013925758805978058,0.0656,Liked,16,0.82,0.013925758805978058,0.0656,0.11
A0075,Video,0.11667729610956262,0.0431,Liked,23,0.91,0.11667729610956262,0.0431,0.55
A0076,Text,0.030011039414801433,0.1108,Shared,47,0.27,0.030011039414801433,0.1108,1.23
A0077,Text,0.14342588687555827,0.1401,Ignored,51,0.25,0.14342588687555827,0.1401,8.04
A0078,Text,0.026348949343782714,0.1155,Commented,36,1.13,0.026348949343782714,0.1155,0.27
A0079,Text,0.057811872,0.0932,Shared,11,0.43,0.057811872,0.0932,1.25
A0080,Text,0.1339858171151352,0.0793,Shared,52,1.46,0.1339858171151352,0.0793,0.73
A0081,Image,0.12024734524390732,0.0122,Shared,28,1.08,0.12024734524390732,0.0122,0.14
A0082,Text,0.034308526,0.0581,Ignored,33,0.48,0.034308526,0.0581,0.42
A0083,Image,0.13971135745236787,0.1394,Liked,25,0.65,0.13971135745236787,0.1394,3
A0084,Text,0.018491933,0.0433,Shared,13,0.53,0.018491933,0.0433,0.15
A0085,Image,0.074208575,0.065,Ignored,54,0.59,0.074208575,0.065,0.82
A0086,Text,0.085757513,0.1297,Ignored,28,0.54,0.085757513,0.1297,2.06
A0087,Video,0.14689004231849692,0.0999,Commented,53,0.66,0.14689004231849692,0.0999,2.22
A0088,Image,0.092296753,0.0884,Ignored,58,0.64,0.092296753,0.0884,1.27
A0089,Image,0.13297007186131146,0.0805,Ignored,43,0.25,0.13297007186131146,0.0805,4.28
A0090,Text,0.10749117417224258,0.0142,Liked,17,0.46,0.10749117417224258,0.0142,0.33
A0091,Video,0.12106407469780141,0.0538,Ignored,45,1.24,0.12106407469780141,0.0538,0.53
A0092,Image,0.099168958,0.046,Shared,42,1.33,0.099168958,0.046,0.34
A0093,Video,0.078083728,0.0482,Shared,37,0.18,0.078083728,0.0482,2.09
A0094,Text,0.1057257793540308,0.0642,Liked,13,0.95,0.1057257793540308,0.0642,0.71
A0095,Text,0.089120869,0.0748,Shared,43,0.48,0.089120869,0.0748,1.39
A0096,Text,0.11231924721413794,0.0108,Liked,28,0.97,0.11231924721413794,0.0108,0.13
A0097,Text,0.13660838821808366,0.0748,Shared,10,0.49,0.13660838821808366,0.0748,2.09
A0098,Video,0.12349616379035908,0.0194,Ignored,27,1.19,0.12349616379035908,0.0194,0.2
A0099,Video,0.12228663722505195,0.0918,Liked,18,0.94,0.12228663722505195,0.0918,1.19
A0100,Text,0.029379981361351268,0.0585,Ignored,35,0.17,0.029379981361351268,0.0585,1.01
A0101,Video,0.099080797,0.1495,Ignored,50,0.74,0.099080797,0.1495,2
A0102,Video,0.0973291,0.0657,Commented,54,0.35,0.0973291,0.0657,1.83
A0103,Text,0.079189344,0.0969,Ignored,15,1.43,0.079189344,0.0969,0.54
A0104,Image,0.11380708266556565,0.0539,Shared,15,0.31,0.11380708266556565,0.0539,1.98
A0105,Text,0.045167206,0.0825,Ignored,60,1.01,0.045167206,0.0825,0.37
A0106,Video,0.10474726851528256,0.0416,Liked,31,1.16,0.10474726851528256,0.0416,0.38
A0107,Image,0.11652797608520724,0.0373,Ignored,20,0.41,0.11652797608520724,0.0373,1.06
A0108,Image,0.14771243131026104,0.1066,Liked,37,0.91,0.14771243131026104,0.1066,1.73
A0109,Text,0.076533587,0.1413,Liked,42,1.14,0.076533587,0.1413,0.95
A0110,Image,0.08463656,0.0853,Ignored,11,1.45,0.08463656,0.0853,0.5
A0111,Video,0.069496305,0.1317,Shared,13,0.7,0.069496305,0.1317,1.31
A0112,Text,0.055128952,0.1428,Ignored,53,1.18,0.055128952,0.1428,0.67
A0113,Video,0.1457968891406208,0.0439,Shared,57,1.37,0.1457968891406208,0.0439,0.47
A0114,Image,0.045222129,0.0803,Shared,49,0.7,0.045222129,0.0803,0.52
A0115,Image,0.015608211030112867,0.0974,Ignored,12,0.25,0.015608211030112867,0.0974,0.61
A0116,Image,0.083341875,0.1324,Shared,20,0.58,0.083341875,0.1324,1.9
A0117,Text,0.067981703,0.0607,Liked,42,0.98,0.067981703,0.0607,0.42
A0118,Image,0.043642799,0.1037,Ignored,28,1.33,0.043642799,0.1037,0.34
A0119,Text,0.025814490638115778,0.0565,Shared,30,0.98,0.025814490638115778,0.0565,0.15
A0120,Image,0.056424813033235405,0.0302,Liked,14,1.39,0.056424813033235405,0.0302,0.12
A0121,Video,0.012322877578147451,0.0567,Liked,51,0.61,0.012322877578147451,0.0567,0.11
A0122,Video,0.06773357,0.0446,Shared,27,1.46,0.06773357,0.0446,0.21
A0123,Video,0.040895704,0.1084,Ignored,23,1.5,0.040895704,0.1084,0.3
A0124,Image,0.13648417789141376,0.1259,Commented,17,0.89,0.13648417789141376,0.1259,1.93
A0125,Image,0.13731534292051126,0.0479,Ignored,51,0.57,0.13731534292051126,0.0479,1.15
A0126,Image,0.065621156,0.1138,Liked,56,1.49,0.065621156,0.1138,0.5
A0127,Video,0.14887067512759133,0.0638,Ignored,25,0.94,0.14887067512759133,0.0638,1.01
A0128,Video,0.12269021084188748,0.0796,Commented,57,0.74,0.12269021084188748,0.0796,1.32
A0129,Text,0.1497642046629253,0.1255,Commented,55,0.64,0.1497642046629253,0.1255,2.94
A0130,Video,0.13625902498040998,0.1018,Ignored,14,0.46,0.13625902498040998,0.1018,3.02
A0131,Video,0.064941862,0.0981,Shared,47,0.82,0.064941862,0.0981,0.78
A0132,Text,0.048631888884735165,0.0849,Shared,51,1,0.048631888884735165,0.0849,0.41
A0133,Text,0.09550628,0.063,Liked,34,0.52,0.09550628,0.063,1.16
A0134,Image,0.14472569533762303,0.084,Commented,30,0.16,0.14472569533762303,0.084,7.6
A0135,Image,0.075093545,0.0772,Ignored,47,0.81,0.075093545,0.0772,0.72
A0136,Video,0.059343449,0.1084,Liked,56,1.46,0.059343449,0.1084,0.44
A0137,Image,0.1400709208567472,0.0985,Shared,53,1.06,0.1400709208567472,0.0985,1.3
A0138,Image,0.097386144,0.084,Shared,39,0.84,0.097386144,0.084,0.97
A0139,Video,0.071644331,0.1036,Commented,53,0.94,0.071644331,0.1036,0.79
A0140,Video,0.031429969,0.0488,Ignored,18,0.42,0.031429969,0.0488,0.37
A0141,Image,0.072524702,0.1361,Liked,15,1.14,0.072524702,0.1361,0.87
A0142,Video,0.023599442307206085,0.0792,Ignored,34,1.44,0.023599442307206085,0.0792,0.13
A0143,Image,0.035772654,0.082,Shared,22,0.41,0.035772654,0.082,0.72
A0144,Video,0.039619334925555756,0.0532,Liked,16,1.24,0.039619334925555756,0.0532,0.17
A0145,Video,0.010971397757088034,0.1462,Commented,17,0.49,0.010971397757088034,0.1462,0.33
A0146,Video,0.13485072410528937,0.067,Ignored,45,1.27,0.13485072410528937,0.067,0.71
A0147,Text,0.098168079,0.0857,Commented,13,1.2,0.098168079,0.0857,0.7
A0148,Video,0.083411168,0.0262,Ignored,37,0.98,0.083411168,0.0262,0.22
A0149,Video,0.016635509379412855,0.0357,Commented,41,0.83,0.016635509379412855,0.0357,0.07
A0150,Video,0.014103241407852143,0.0142,Liked,53,0.66,0.014103241407852143,0.0142,0.03
A0151,Text,0.09894707,0.1145,Ignored,52,0.2,0.09894707,0.1145,5.66
A0152,Image,0.013519254022489782,0.1019,Ignored,59,0.95,0.013519254022489782,0.1019,0.15
A0153,Text,0.083711975,0.1155,Shared,30,0.68,0.083711975,0.1155,1.42
A0154,Video,0.07953895,0.0662,Liked,12,0.29,0.07953895,0.0662,1.82
A0155,Text,0.11379517796977365,0.0266,Commented,23,0.39,0.11379517796977365,0.0266,0.78
A0156,Image,0.040866823,0.0445,Shared,13,0.15,0.040866823,0.0445,1.21
A0157,Text,0.043860397006818146,0.0611,Liked,17,1.17,0.043860397006818146,0.0611,0.23
A0158,Video,0.1378456807613413,0.0161,Commented,50,0.27,0.1378456807613413,0.0161,0.82
A0159,Text,0.12051553545713703,0.1183,Ignored,16,1.29,0.12051553545713703,0.1183,1.11
A0160,Video,0.078409263,0.0975,Liked,27,0.35,0.078409263,0.0975,2.18
A0161,Text,0.018713742464558106,0.0469,Ignored,21,0.57,0.018713742464558106,0.0469,0.15
A0162,Video,0.010596849871741296,0.017,Ignored,23,0.79,0.010596849871741296,0.017,0.02
A0163,Text,0.092906702,0.1089,Ignored,54,1.28,0.092906702,0.1089,0.79
A0164,Text,0.1341401356997089,0.0749,Ignored,31,0.99,0.1341401356997089,0.0749,1.01
A0165,Video,0.080762864,0.0184,Commented,17,1.1,0.080762864,0.0184,0.14
A0166,Video,0.052319589,0.0903,Ignored,35,0.12,0.052319589,0.0903,3.94
A0167,Video,0.08976607,0.068,Commented,33,0.19,0.08976607,0.068,3.21
A0168,Text,0.093574623,0.0732,Commented,39,1.45,0.093574623,0.0732,0.47
A0169,Image,0.12490660292886387,0.0765,Ignored,14,0.49,0.12490660292886387,0.0765,1.95
A0170,Video,0.063649133,0.0446,Liked,58,0.77,0.063649133,0.0446,0.37
A0171,Text,0.017775986175738983,0.0737,Ignored,20,1.49,0.017775986175738983,0.0737,0.09
A0172,Text,0.10610063306998792,0.1155,Ignored,12,1.03,0.10610063306998792,0.1155,1.19
A0173,Text,0.13909629734157508,0.0657,Shared,35,0.25,0.13909629734157508,0.0657,3.66
A0174,Text,0.061109897,0.0901,Shared,51,0.91,0.061109897,0.0901,0.61
A0175,Image,0.088815115,0.0982,Commented,52,0.25,0.088815115,0.0982,3.49
A0176,Text,0.13304026954834494,0.1111,Shared,35,1.11,0.13304026954834494,0.1111,1.33
A0177,Image,0.1275823159366705,0.083,Commented,11,1.17,0.1275823159366705,0.083,0.91
A0178,Image,0.082464611,0.0749,Liked,54,1.07,0.082464611,0.0749,0.58
A0179,Video,0.062554547,0.0785,Shared,28,0.45,0.062554547,0.0785,1.09
A0180,Video,0.086774361,0.0298,Liked,25,1.23,0.086774361,0.0298,0.21
A0181,Video,0.13296505517225463,0.0682,Liked,32,1.19,0.13296505517225463,0.0682,0.76
A0182,Video,0.14389120392766477,0.0755,Shared,18,1.3,0.14389120392766477,0.0755,0.84
A0183,Video,0.037115948,0.1135,Ignored,35,0.55,0.037115948,0.1135,0.77
A0184,Text,0.090454575,0.1372,Liked,57,0.82,0.090454575,0.1372,1.51
A0185,Text,0.074659541,0.0773,Liked,35,0.85,0.074659541,0.0773,0.68
A0186,Image,0.10886817771503883,0.0146,Commented,33,0.63,0.10886817771503883,0.0146,0.25
A0187,Video,0.11681940086512149,0.037,Ignored,35,0.49,0.11681940086512149,0.037,0.88
A0188,Text,0.14379607968299274,0.0947,Commented,48,1.13,0.14379607968299274,0.0947,1.21
A0189,Video,0.08964107,0.1325,Commented,10,0.56,0.08964107,0.1325,2.12
A0190,Video,0.13838396843299489,0.069,Commented,50,0.23,0.13838396843299489,0.069,4.15
A0191,Text,0.047642498,0.1432,Commented,46,1.02,0.047642498,0.1432,0.67
A0192,Video,0.055996775,0.0389,Commented,10,0.52,0.055996775,0.0389,0.42
A0193,Video,0.027750488895656282,0.0123,Commented,14,0.96,0.027750488895656282,0.0123,0.04
A0194,Video,0.019951548,0.0817,Shared,13,0.53,0.019951548,0.0817,0.31
A0195,Video,0.097765119,0.0994,Shared,20,0.33,0.097765119,0.0994,2.94
A0196,Image,0.024239390319618616,0.1067,Commented,20,0.51,0.024239390319618616,0.1067,0.51
A0197,Video,0.065245865,0.1119,Commented,23,0.78,0.065245865,0.1119,0.94
A0198,Image,0.049105533,0.1421,Ignored,40,0.79,0.049105533,0.1421,0.88
A0199,Text,0.027766676,0.0709,Liked,24,0.89,0.027766676,0.0709,0.22
A0200,Image,0.10912618940270823,0.0756,Ignored,54,1.47,0.10912618940270823,0.0756,0.56
A0201,Image,0.11723769132966462,0.0836,Commented,49,0.94,0.11723769132966462,0.0836,1.04
A0202,Video,0.075388812,0.0474,Liked,60,0.2,0.075388812,0.0474,1.79
A0203,Video,0.050010793,0.0164,Commented,11,0.73,0.050010793,0.0164,0.11
A0204,Text,0.13374669030899997,0.1439,Commented,22,0.71,0.13374669030899997,0.1439,2.71
A0205,Image,0.098758745,0.0901,Liked,39,1.45,0.098758745,0.0901,0.61
A0206,Video,0.069820002,0.1358,Ignored,49,0.54,0.069820002,0.1358,1.76
A0207,Image,0.037494828,0.0527,Ignored,19,0.45,0.037494828,0.0527,0.44
A0208,Video,0.075573746,0.1342,Commented,18,1.01,0.075573746,0.1342,1
A0209,Video,0.027648616,0.0553,Commented,38,1.31,0.027648616,0.0553,0.12
A0210,Image,0.10869855725649441,0.1347,Shared,40,1.35,0.10869855725649441,0.1347,1.08
A0211,Image,0.12009883929642688,0.1018,Ignored,50,1.25,0.12009883929642688,0.1018,0.98
A0212,Video,0.095076019,0.1022,Liked,47,0.53,0.095076019,0.1022,1.83
A0213,Text,0.051884322,0.0353,Ignored,59,0.73,0.051884322,0.0353,0.25
A0214,Text,0.1406273654945722,0.0801,Liked,50,1.03,0.1406273654945722,0.0801,1.09
A0215,Text,0.093566101,0.0328,Ignored,57,0.28,0.093566101,0.0328,1.1
A0216,Text,0.032156471,0.0361,Commented,38,0.2,0.032156471,0.0361,0.58
A0217,Video,0.028829937864636057,0.0519,Liked,58,0.53,0.028829937864636057,0.0519,0.28
A0218,Text,0.14266317083821145,0.14,Liked,57,1.15,0.14266317083821145,0.14,1.74
A0219,Video,0.094693611,0.0168,Ignored,26,0.52,0.094693611,0.0168,0.31
A0220,Text,0.061157327,0.0511,Ignored,20,1.31,0.061157327,0.0511,0.24
A0221,Text,0.034951705,0.1421,Liked,29,0.36,0.034951705,0.1421,1.38
A0222,Text,0.13680739752604454,0.0641,Ignored,59,0.92,0.13680739752604454,0.0641,0.95
A0223,Image,0.06412029,0.0223,Liked,20,0.53,0.06412029,0.0223,0.27
A0224,Image,0.059805672,0.0821,Liked,47,0.22,0.059805672,0.0821,2.23
A0225,Text,0.074630211,0.0186,Liked,39,0.54,0.074630211,0.0186,0.26
A0226,Image,0.02433898,0.0365,Ignored,17,0.45,0.02433898,0.0365,0.2
A0227,Image,0.12388319695108573,0.0423,Ignored,35,1.34,0.12388319695108573,0.0423,0.39
A0228,Text,0.10023410018626114,0.0456,Liked,54,0.12,0.10023410018626114,0.0456,3.81
A0229,Image,0.090502973,0.0208,Commented,28,0.78,0.090502973,0.0208,0.24
A0230,Video,0.040413792057661026,0.0713,Commented,49,0.44,0.040413792057661026,0.0713,0.65
A0231,Text,0.050891375,0.0918,Ignored,39,0.75,0.050891375,0.0918,0.62
A0232,Text,0.1493832419038397,0.1186,Shared,57,0.9,0.1493832419038397,0.1186,1.97
A0233,Image,0.14366012993478172,0.0207,Ignored,49,0.32,0.14366012993478172,0.0207,0.93
A0234,Text,0.10775973987403145,0.068,Shared,58,0.62,0.10775973987403145,0.068,1.18
A0235,Text,0.10698232339747954,0.0854,Shared,47,0.96,0.10698232339747954,0.0854,0.95
A0236,Image,0.095089241,0.0352,Shared,37,0.64,0.095089241,0.0352,0.52
A0237,Image,0.14089059526889056,0.1449,Commented,58,1.17,0.14089059526889056,0.1449,1.74
A0238,Video,0.13229081784586416,0.1011,Liked,60,0.54,0.13229081784586416,0.1011,2.48
A0239,Video,0.1284005170189705,0.1266,Commented,31,0.84,0.1284005170189705,0.1266,1.94
A0240,Video,0.028439078558847725,0.1221,Commented,28,0.94,0.028439078558847725,0.1221,0.37
A0241,Text,0.061567493174618085,0.0489,Ignored,54,0.43,0.061567493174618085,0.0489,0.7
A0242,Text,0.12500190741033884,0.1384,Ignored,27,0.2,0.12500190741033884,0.1384,8.65
A0243,Video,0.13479954131239957,0.0878,Ignored,53,0.19,0.13479954131239957,0.0878,6.23
A0244,Video,0.098253141,0.0479,Shared,31,1.2,0.098253141,0.0479,0.39
A0245,Text,0.014364123104177152,0.1493,Commented,34,0.47,0.014364123104177152,0.1493,0.46
A0246,Video,0.12095844027401792,0.0184,Shared,22,1.19,0.12095844027401792,0.0184,0.19
A0247,Text,0.13281221253153339,0.1118,Liked,29,1.1,0.13281221253153339,0.1118,1.35
A0248,Video,0.04114147,0.0607,Commented,39,0.45,0.04114147,0.0607,0.55
A0249,Text,0.020908162964120222,0.0872,Liked,41,0.54,0.020908162964120222,0.0872,0.34
A0250,Video,0.048622622,0.0185,Liked,46,1.28,0.048622622,0.0185,0.07
A0251,Image,0.068925448,0.1237,Shared,45,0.49,0.068925448,0.1237,1.74
A0252,Image,0.14537994957654787,0.0808,Commented,52,1.37,0.14537994957654787,0.0808,0.86
A0253,Text,0.090853898,0.028,Shared,32,1.13,0.090853898,0.028,0.23
A0254,Text,0.1331039434527294,0.1311,Commented,23,1.4,0.1331039434527294,0.1311,1.25
A0255,Text,0.042101567,0.108,Commented,55,0.55,0.042101567,0.108,0.83
A0256,Video,0.098083267,0.0537,Ignored,28,1.1,0.098083267,0.0537,0.48
A0257,Text,0.037825131,0.1142,Ignored,50,0.14,0.037825131,0.1142,3.09
A0258,Image,0.11836645866210883,0.0632,Shared,42,1.37,0.11836645866210883,0.0632,0.55
A0259,Text,0.0385095,0.081,Commented,46,1.2,0.0385095,0.081,0.26
A0260,Text,0.087317807,0.0616,Ignored,40,0.21,0.087317807,0.0616,2.56
A0261,Image,0.1224088748646842,0.0615,Liked,59,0.2,0.1224088748646842,0.0615,3.76
A0262,Video,0.1427477384101992,0.1162,Commented,28,1.38,0.1427477384101992,0.1162,1.2
A0263,Text,0.074416299,0.1287,Commented,29,0.86,0.074416299,0.1287,1.11
A0264,Text,0.034287881,0.0169,Liked,54,1.21,0.034287881,0.0169,0.05
A0265,Image,0.021450772,0.0997,Shared,60,1.15,0.021450772,0.0997,0.19
A0266,Text,0.049234347,0.1325,Ignored,15,1.43,0.049234347,0.1325,0.46
A0267,Video,0.077691885,0.138,Liked,52,0.64,0.077691885,0.138,1.68
A0268,Text,0.059180346,0.1213,Ignored,29,0.17,0.059180346,0.1213,4.22
A0269,Text,0.026859038,0.018,Liked,42,1.4,0.026859038,0.018,0.03
A0270,Video,0.1396459411435538,0.122,Ignored,51,1.22,0.1396459411435538,0.122,1.4
A0271,Text,0.051129952,0.0875,Ignored,34,1.26,0.051129952,0.0875,0.36
A0272,Text,0.1076230582476515,0.1411,Shared,20,0.87,0.1076230582476515,0.1411,1.75
A0273,Text,0.037894953,0.1253,Shared,15,0.19,0.037894953,0.1253,2.5
A0274,Text,0.035112778,0.0583,Liked,20,1.09,0.035112778,0.0583,0.19
A0275,Image,0.098645043,0.1366,Commented,39,0.28,0.098645043,0.1366,4.81
A0276,Text,0.019413416505586527,0.0137,Liked,20,0.68,0.019413416505586527,0.0137,0.04
A0277,Video,0.017087298629578196,0.0834,Ignored,46,0.47,0.017087298629578196,0.0834,0.3
A0278,Image,0.071957384,0.1074,Ignored,15,0.77,0.071957384,0.1074,1
A0279,Text,0.14746453956473035,0.0264,Shared,48,0.69,0.14746453956473035,0.0264,0.56
A0280,Video,0.022901870651822392,0.0693,Liked,10,1.08,0.022901870651822392,0.0693,0.15
A0281,Text,0.10124456158111987,0.1122,Ignored,45,0.65,0.10124456158111987,0.1122,1.75
A0282,Video,0.07083972,0.0478,Ignored,59,0.63,0.07083972,0.0478,0.54
A0283,Text,0.063152533,0.0688,Commented,48,0.74,0.063152533,0.0688,0.59
A0284,Image,0.024272300675876005,0.0768,Shared,14,0.32,0.024272300675876005,0.0768,0.58
A0285,Video,0.011706851281774601,0.0977,Liked,47,1.35,0.011706851281774601,0.0977,0.08
A0286,Video,0.061082218567928885,0.0195,Liked,60,0.41,0.061082218567928885,0.0195,0.29
A0287,Text,0.1029531984713015,0.1051,Ignored,21,0.45,0.1029531984713015,0.1051,2.4
A0288,Text,0.047178500592757154,0.0315,Ignored,52,0.86,0.047178500592757154,0.0315,0.17
A0289,Video,0.10137215711732989,0.114,Commented,22,0.74,0.10137215711732989,0.114,1.56
A0290,Image,0.015583466325546908,0.1007,Commented,35,0.86,0.015583466325546908,0.1007,0.18
A0291,Text,0.063556895,0.0639,Shared,58,0.27,0.063556895,0.0639,1.5
A0292,Text,0.13903488628625874,0.0953,Commented,18,0.58,0.13903488628625874,0.0953,2.28
A0293,Image,0.13955109279742103,0.1424,Commented,50,0.6,0.13955109279742103,0.1424,3.31
A0294,Video,0.078671846,0.0739,Ignored,30,0.96,0.078671846,0.0739,0.61
A0295,Video,0.14239507565445672,0.0918,Commented,39,0.87,0.14239507565445672,0.0918,1.5
A0296,Image,0.12156908726151223,0.0861,Liked,55,0.16,0.12156908726151223,0.0861,6.54
A0297,Video,0.038789056,0.0952,Commented,39,0.82,0.038789056,0.0952,0.45
A0298,Image,0.026601411215174037,0.1147,Ignored,36,0.1,0.026601411215174037,0.1147,3.05
A0299,Video,0.11463380520358667,0.1339,Liked,38,0.6,0.11463380520358667,0.1339,2.56
A0300,Image,0.07293256,0.1022,Ignored,44,1.01,0.07293256,0.1022,0.74
A0301,Image,0.097038746,0.06,Ignored,55,0.36,0.097038746,0.06,1.62
A0302,Image,0.018015695384951912,0.0966,Shared,56,0.91,0.018015695384951912,0.0966,0.19
A0303,Text,0.028136128251696042,0.1257,Commented,13,1.29,0.028136128251696042,0.1257,0.27
A0304,Text,0.038834371,0.0275,Commented,33,1.28,0.038834371,0.0275,0.08
A0305,Image,0.085353063,0.0761,Shared,46,1.12,0.085353063,0.0761,0.58
A0306,Text,0.12848629352284976,0.0916,Commented,22,1.06,0.12848629352284976,0.0916,1.11
A0307,Image,0.05559082,0.0321,Liked,16,1.34,0.05559082,0.0321,0.13
A0308,Image,0.011831219,0.0167,Commented,45,0.46,0.011831219,0.0167,0.04
A0309,Video,0.10592775995735626,0.0675,Ignored,54,1.13,0.10592775995735626,0.0675,0.63
A0310,Text,0.11869478751753369,0.0283,Shared,23,1.38,0.11869478751753369,0.0283,0.24
A0311,Video,0.14263238203086004,0.0314,Ignored,55,1.01,0.14263238203086004,0.0314,0.44
A0312,Text,0.074916272,0.0273,Shared,19,0.48,0.074916272,0.0273,0.43
A0313,Image,0.11535571529525117,0.106,Commented,46,1.33,0.11535571529525117,0.106,0.92
A0314,Image,0.084636446,0.0994,Ignored,50,0.13,0.084636446,0.0994,6.47
A0315,Video,0.11351045271459899,0.0791,Ignored,12,0.38,0.11351045271459899,0.0791,2.36
A0316,Video,0.095948013,0.0669,Liked,56,0.52,0.095948013,0.0669,1.23
A0317,Text,0.013930705000029627,0.1,Ignored,27,0.93,0.013930705000029627,0.1,0.15
A0318,Text,0.040096188,0.0902,Liked,14,0.7,0.040096188,0.0902,0.52
A0319,Text,0.060407109641278864,0.1097,Commented,49,0.9,0.060407109641278864,0.1097,0.74
A0320,Image,0.059685544992234774,0.058,Ignored,59,0.69,0.059685544992234774,0.058,0.5
A0321,Video,0.1391424536382628,0.1054,Liked,32,0.54,0.1391424536382628,0.1054,2.72
A0322,Image,0.056270603246582236,0.0648,Ignored,46,1.39,0.056270603246582236,0.0648,0.26
A0323,Text,0.054218303,0.0279,Shared,21,0.2,0.054218303,0.0279,0.76
A0324,Text,0.08884302,0.105,Shared,47,1.01,0.08884302,0.105,0.92
A0325,Video,0.12402585888680281,0.1191,Commented,27,0.13,0.12402585888680281,0.1191,11.36
A0326,Video,0.14090492203181088,0.1235,Ignored,40,0.34,0.14090492203181088,0.1235,5.12
A0327,Image,0.10791726298876857,0.125,Commented,46,0.39,0.10791726298876857,0.125,3.46
A0328,Image,0.041084701,0.1313,Commented,37,1.2,0.041084701,0.1313,0.45
A0329,Image,0.044176167411306734,0.1161,Liked,51,0.96,0.044176167411306734,0.1161,0.53
A0330,Video,0.056645903,0.1361,Ignored,14,1.46,0.056645903,0.1361,0.53
A0331,Image,0.12265160243902387,0.0799,Shared,42,0.67,0.12265160243902387,0.0799,1.46
A0332,Video,0.14152809665837324,0.128,Liked,14,0.47,0.14152809665837324,0.128,3.85
A0333,Image,0.1403606390450855,0.0758,Shared,36,0.57,0.1403606390450855,0.0758,1.87
A0334,Image,0.14322789695234953,0.0951,Shared,26,0.52,0.14322789695234953,0.0951,2.62
A0335,Video,0.10909064653414302,0.0867,Liked,52,1.13,0.10909064653414302,0.0867,0.84
A0336,Video,0.046839173,0.0385,Ignored,48,1.07,0.046839173,0.0385,0.17
A0337,Video,0.1012465097088264,0.0873,Ignored,34,1.21,0.1012465097088264,0.0873,0.73
A0338,Video,0.087172995,0.0753,Liked,51,0.36,0.087172995,0.0753,1.82
A0339,Image,0.12475869742349799,0.0717,Ignored,13,0.69,0.12475869742349799,0.0717,1.3
A0340,Video,0.032974498387383575,0.0271,Liked,47,0.88,0.032974498387383575,0.0271,0.1
A0341,Image,0.060480023,0.1051,Commented,42,0.41,0.060480023,0.1051,1.55
A0342,Image,0.014559613920366525,0.0386,Liked,16,0.34,0.014559613920366525,0.0386,0.17
A0343,Text,0.073648568,0.0757,Liked,18,0.92,0.073648568,0.0757,0.61
A0344,Text,0.038367406,0.0431,Commented,18,0.68,0.038367406,0.0431,0.24
A0345,Image,0.11914914432627814,0.1424,Ignored,35,1.1,0.11914914432627814,0.1424,1.54
A0346,Image,0.12178626862945019,0.0406,Liked,37,1.04,0.12178626862945019,0.0406,0.48
A0347,Image,0.098055571,0.1398,Commented,36,0.15,0.098055571,0.1398,9.14
A0348,Text,0.076356902,0.0197,Shared,22,1.46,0.076356902,0.0197,0.1
A0349,Video,0.011381175294596695,0.0378,Liked,60,0.31,0.011381175294596695,0.0378,0.14
A0350,Video,0.10447289355845896,0.0189,Ignored,12,1.41,0.10447289355845896,0.0189,0.14
A0351,Video,0.042273096,0.1098,Shared,48,0.4,0.042273096,0.1098,1.16
A0352,Text,0.021283366,0.1294,Ignored,32,1.46,0.021283366,0.1294,0.19
A0353,Video,0.12143993307737166,0.1189,Liked,42,0.21,0.12143993307737166,0.1189,6.88
A0354,Image,0.14696830127914579,0.0357,Ignored,13,0.96,0.14696830127914579,0.0357,0.55
A0355,Video,0.13239114468217575,0.1386,Liked,21,0.74,0.13239114468217575,0.1386,2.48
A0356,Text,0.097815648,0.1349,Liked,40,1.41,0.097815648,0.1349,0.94
A0357,Image,0.049167996271611385,0.1107,Liked,10,1.15,0.049167996271611385,0.1107,0.47
A0358,Video,0.14156968125943994,0.0896,Ignored,52,0.37,0.14156968125943994,0.0896,3.43
A0359,Text,0.052220457,0.1,Ignored,55,1.15,0.052220457,0.1,0.45
A0360,Image,0.049152339,0.1401,Shared,32,1.5,0.049152339,0.1401,0.46
A0361,Text,0.1065421931431404,0.1094,Liked,49,0.28,0.1065421931431404,0.1094,4.16
A0362,Text,0.10404365774682871,0.0299,Commented,39,0.9,0.10404365774682871,0.0299,0.35
A0363,Image,0.14492759842100647,0.125,Ignored,42,0.97,0.14492759842100647,0.125,1.87
A0364,Video,0.1478489227634249,0.1058,Ignored,48,0.81,0.1478489227634249,0.1058,1.93
A0365,Video,0.042504358,0.0891,Liked,43,1.12,0.042504358,0.0891,0.34
A0366,Image,0.068162441,0.1447,Liked,47,0.88,0.068162441,0.1447,1.12
A0367,Video,0.10651931076680372,0.0557,Commented,49,0.31,0.10651931076680372,0.0557,1.91
A0368,Image,0.11896614279567401,0.0107,Commented,35,0.21,0.11896614279567401,0.0107,0.61
A0369,Text,0.10043287046737576,0.0663,Commented,27,0.35,0.10043287046737576,0.0663,1.9
A0370,Image,0.099373505,0.1033,Ignored,25,0.18,0.099373505,0.1033,5.7
A0371,Text,0.13972888024440797,0.0224,Shared,16,1.17,0.13972888024440797,0.0224,0.27
A0372,Image,0.11386265135143502,0.0883,Shared,18,1.41,0.11386265135143502,0.0883,0.71
A0373,Image,0.069901217,0.0641,Commented,32,1.44,0.069901217,0.0641,0.31
A0374,Video,0.1117713721130438,0.122,Shared,20,0.59,0.1117713721130438,0.122,2.31
A0375,Video,0.07864068,0.0183,Ignored,14,0.7,0.07864068,0.0183,0.21
A0376,Video,0.13129683834671094,0.1287,Liked,15,1.36,0.13129683834671094,0.1287,1.24
A0377,Video,0.14417708894872164,0.1494,Ignored,54,1.43,0.14417708894872164,0.1494,1.51
A0378,Video,0.043619052,0.0134,Ignored,27,0.93,0.043619052,0.0134,0.06
A0379,Video,0.022527101882486245,0.0409,Commented,53,0.18,0.022527101882486245,0.0409,0.51
A0380,Text,0.034527408038779156,0.1045,Commented,11,0.65,0.034527408038779156,0.1045,0.56
A0381,Video,0.043317657,0.0671,Ignored,45,0.18,0.043317657,0.0671,1.61
A0382,Text,0.059219160551566376,0.067,Liked,41,0.44,0.059219160551566376,0.067,0.9
A0383,Video,0.12005172694791316,0.08,Commented,54,1.13,0.12005172694791316,0.08,0.85
A0384,Image,0.090357931,0.0504,Liked,51,0.12,0.090357931,0.0504,3.8
A0385,Video,0.081777041,0.1209,Ignored,29,0.37,0.081777041,0.1209,2.67
A0386,Image,0.038953026647473424,0.1314,Liked,40,0.26,0.038953026647473424,0.1314,1.97
A0387,Text,0.12130208410664725,0.0867,Shared,38,0.5,0.12130208410664725,0.0867,2.1
A0388,Video,0.018141231754173308,0.014,Liked,12,0.76,0.018141231754173308,0.014,0.03
A0389,Image,0.10245997999216849,0.1313,Ignored,24,1.08,0.10245997999216849,0.1313,1.25
A0390,Video,0.043169266,0.0172,Liked,54,0.48,0.043169266,0.0172,0.15
A0391,Image,0.021682222384267414,0.1011,Commented,43,1.1,0.021682222384267414,0.1011,0.2
A0392,Text,0.080046637,0.0265,Ignored,12,0.91,0.080046637,0.0265,0.23
A0393,Image,0.095355516,0.067,Commented,29,1.38,0.095355516,0.067,0.46
A0394,Video,0.077736344,0.0771,Liked,45,1.43,0.077736344,0.0771,0.42
A0395,Image,0.081789321,0.073,Shared,46,0.67,0.081789321,0.073,0.89
A0396,Video,0.098916186,0.0972,Shared,19,0.38,0.098916186,0.0972,2.53
A0397,Video,0.097386373,0.042,Shared,39,0.88,0.097386373,0.042,0.46
A0398,Text,0.12072904399834258,0.1125,Commented,22,1.42,0.12072904399834258,0.1125,0.96
A0399,Video,0.095452603,0.0444,Commented,60,0.5,0.095452603,0.0444,0.85
A0400,Video,0.12406355227961209,0.0625,Ignored,33,1.2,0.12406355227961209,0.0625,0.65
A0401,Image,0.139000493,0.0928,Shared,56,0.68,0.139000493,0.0928,1.9
A0402,Image,0.14458099692274315,0.1262,Commented,47,1.18,0.14458099692274315,0.1262,1.55
A0403,Video,0.12105233568023353,0.1213,Commented,46,1.02,0.12105233568023353,0.1213,1.44
A0404,Text,0.029969287414131435,0.1069,Commented,25,1.11,0.029969287414131435,0.1069,0.29
A0405,Video,0.11607319545941899,0.0891,Ignored,59,0.99,0.11607319545941899,0.0891,1.04
A0406,Image,0.083285306,0.0919,Shared,34,0.97,0.083285306,0.0919,0.79
A0407,Text,0.025349524,0.0866,Ignored,32,1.37,0.025349524,0.0866,0.16
A0408,Image,0.11387276035912323,0.058,Ignored,56,0.82,0.11387276035912323,0.058,0.81
A0409,Video,0.11612574263746758,0.077,Liked,39,0.89,0.11612574263746758,0.077,1
A0410,Video,0.13059802456125652,0.1274,Commented,26,0.52,0.13059802456125652,0.1274,3.2
A0411,Video,0.13892950505962404,0.1203,Commented,41,1.42,0.13892950505962404,0.1203,1.18
A0412,Image,0.093234317,0.1185,Shared,32,0.86,0.093234317,0.1185,1.28
A0413,Text,0.089434161,0.0617,Ignored,48,0.3,0.089434161,0.0617,1.84
A0414,Video,0.012493882236374933,0.1245,Commented,49,1.33,0.012493882236374933,0.1245,0.12
A0415,Video,0.12147993680585929,0.0314,Liked,43,1.03,0.12147993680585929,0.0314,0.37
A0416,Video,0.13391907912948425,0.1469,Ignored,21,0.17,0.13391907912948425,0.1469,11.57
A0417,Text,0.040134961,0.1446,Shared,24,0.17,0.040134961,0.1446,3.41
A0418,Text,0.027225709598007228,0.0846,Commented,21,0.61,0.027225709598007228,0.0846,0.38
A0419,Video,0.062917254,0.1072,Ignored,55,0.56,0.062917254,0.1072,1.2
A0420,Text,0.10048422496261632,0.0627,Commented,33,1.25,0.10048422496261632,0.0627,0.5
A0421,Text,0.091051555,0.1138,Liked,10,1.09,0.091051555,0.1138,0.95
A0422,Image,0.031223889575442212,0.0825,Liked,25,0.36,0.031223889575442212,0.0825,0.72
A0423,Video,0.028490952619843045,0.0173,Liked,50,0.6,0.028490952619843045,0.0173,0.08
A0424,Image,0.10161809574731119,0.1303,Liked,49,0.76,0.10161809574731119,0.1303,1.74
A0425,Text,0.059799972695248976,0.1374,Liked,28,0.8,0.059799972695248976,0.1374,1.03
A0426,Text,0.10176255615894103,0.1389,Liked,42,0.37,0.10176255615894103,0.1389,3.82
A0427,Image,0.13753919961511127,0.1013,Liked,20,1.15,0.13753919961511127,0.1013,1.21
A0428,Video,0.016195545969294633,0.1053,Shared,53,0.5,0.016195545969294633,0.1053,0.34
A0429,Image,0.076197343,0.0238,Liked,30,1.33,0.076197343,0.0238,0.14
A0430,Video,0.041867352,0.045,Ignored,24,1.49,0.041867352,0.045,0.13
A0431,Image,0.016679317093065915,0.0964,Shared,49,0.46,0.016679317093065915,0.0964,0.35
A0432,Video,0.011596936,0.0814,Shared,45,1.01,0.011596936,0.0814,0.09
A0433,Text,0.11415848602057488,0.1076,Commented,59,0.38,0.11415848602057488,0.1076,3.23
A0434,Text,0.086575146,0.1144,Ignored,33,1.46,0.086575146,0.1144,0.68
A0435,Text,0.020276538842940048,0.1224,Shared,25,1.35,0.020276538842940048,0.1224,0.18
A0436,Video,0.05592989,0.0314,Ignored,29,1.13,0.05592989,0.0314,0.16
A0437,Image,0.10062006439695208,0.1322,Ignored,43,1.33,0.10062006439695208,0.1322,1
A0438,Image,0.051502359,0.1466,Ignored,15,1.07,0.051502359,0.1466,0.71
A0439,Image,0.12048898898020118,0.0664,Ignored,20,1.36,0.12048898898020118,0.0664,0.59
A0440,Image,0.014489550830932008,0.1302,Liked,25,0.22,0.014489550830932008,0.1302,0.86
A0441,Image,0.11223155925336398,0.0438,Liked,55,0.36,0.11223155925336398,0.0438,1.37
A0442,Video,0.11360802770392488,0.0547,Shared,35,0.92,0.11360802770392488,0.0547,0.68
A0443,Video,0.08828801,0.028,Ignored,51,1.1,0.08828801,0.028,0.22
A0444,Image,0.033482135390011804,0.0827,Commented,38,0.59,0.033482135390011804,0.0827,0.47
A0445,Image,0.10935174481465915,0.0118,Ignored,38,0.94,0.10935174481465915,0.0118,0.14
A0446,Text,0.145923729,0.1174,Liked,16,1,0.145923729,0.1174,1.71
A0447,Image,0.075293409,0.0451,Shared,37,0.77,0.075293409,0.0451,0.44
A0448,Image,0.017085588253075466,0.1338,Shared,43,0.39,0.017085588253075466,0.1338,0.59
A0449,Text,0.12920852707638336,0.1468,Liked,54,0.59,0.12920852707638336,0.1468,3.21
A0450,Image,0.088906824,0.0805,Ignored,10,1.49,0.088906824,0.0805,0.48
A0451,Image,0.101439731,0.039,Liked,33,1.35,0.101439731,0.039,0.29
A0452,Video,0.039351273,0.0437,Shared,12,1.18,0.039351273,0.0437,0.15
A0453,Text,0.11305708782008661,0.0972,Commented,14,0.49,0.11305708782008661,0.0972,2.24
A0454,Video,0.048743962,0.0246,Ignored,17,0.36,0.048743962,0.0246,0.33
A0455,Video,0.073423172,0.1374,Ignored,42,0.5,0.073423172,0.1374,2.02
A0456,Image,0.10749188673794201,0.1362,Liked,17,0.13,0.10749188673794201,0.1362,11.26
A0457,Video,0.12127642755080749,0.1331,Ignored,57,0.92,0.12127642755080749,0.1331,1.75
A0458,Video,0.11913400261923503,0.061,Liked,39,1.13,0.11913400261923503,0.061,0.64
A0459,Image,0.14884167210278748,0.1196,Ignored,10,0.58,0.14884167210278748,0.1196,3.07
A0460,Text,0.028401457302956734,0.129,Shared,51,0.13,0.028401457302956734,0.129,2.82
A0461,Text,0.095529846,0.0904,Liked,24,0.57,0.095529846,0.0904,1.52
A0462,Text,0.1024766810601317,0.0133,Shared,45,1.49,0.1024766810601317,0.0133,0.09
A0463,Video,0.090673327,0.0446,Commented,36,1.4,0.090673327,0.0446,0.29
A0464,Image,0.087190544,0.0749,Liked,54,1.26,0.087190544,0.0749,0.52
A0465,Video,0.014349557128021984,0.019,Shared,49,1.04,0.014349557128021984,0.019,0.03
A0466,Text,0.078598102,0.1352,Liked,51,0.51,0.078598102,0.1352,2.08
A0467,Image,0.12593679538096073,0.1239,Commented,43,0.36,0.12593679538096073,0.1239,4.33
A0468,Video,0.070248297,0.031,Liked,30,0.89,0.070248297,0.031,0.24
A0469,Image,0.059823409,0.1476,Shared,11,0.12,0.059823409,0.1476,7.36
A0470,Text,0.052614639,0.0241,Commented,57,0.92,0.052614639,0.0241,0.14
A0471,Text,0.05123065,0.1468,Shared,43,0.76,0.05123065,0.1468,0.99
A0472,Text,0.085905063,0.0328,Ignored,47,0.9,0.085905063,0.0328,0.31
A0473,Image,0.039700713,0.0231,Shared,38,1.36,0.039700713,0.0231,0.07
A0474,Video,0.050570002,0.0366,Shared,49,0.93,0.050570002,0.0366,0.2
A0475,Text,0.046375036,0.0533,Liked,24,0.57,0.046375036,0.0533,0.43
A0476,Video,0.11731785302317563,0.1114,Commented,24,1.1,0.11731785302317563,0.1114,1.19
A0477,Image,0.035592724,0.1183,Shared,41,1.08,0.035592724,0.1183,0.39
A0478,Image,0.075983141,0.0219,Liked,31,0.89,0.075983141,0.0219,0.19
A0479,Video,0.1457752399567086,0.0278,Liked,54,0.31,0.1457752399567086,0.0278,1.31
A0480,Video,0.083393482,0.0783,Liked,49,0.63,0.083393482,0.0783,1.04
A0481,Video,0.10618987557083942,0.0658,Commented,52,1.19,0.10618987557083942,0.0658,0.59
A0482,Image,0.10433258535850541,0.1148,Liked,14,1.49,0.10433258535850541,0.1148,0.8
A0483,Image,0.073457744,0.0425,Shared,40,0.93,0.073457744,0.0425,0.34
A0484,Image,0.1112995043102195,0.0892,Commented,53,0.86,0.1112995043102195,0.0892,1.15
A0485,Image,0.1350593288150323,0.0842,Ignored,11,0.57,0.1350593288150323,0.0842,2
A0486,Image,0.016580515,0.0862,Commented,47,0.47,0.016580515,0.0862,0.3
A0487,Image,0.07384753,0.0157,Shared,43,0.56,0.07384753,0.0157,0.21
A0488,Text,0.024058669657536412,0.085,Ignored,51,0.37,0.024058669657536412,0.085,0.55
A0489,Image,0.086432846,0.0658,Shared,54,1.36,0.086432846,0.0658,0.42
A0490,Text,0.069920239,0.0761,Ignored,15,0.93,0.069920239,0.0761,0.57
A0491,Text,0.13733022180440585,0.0197,Liked,29,0.89,0.13733022180440585,0.0197,0.3
A0492,Video,0.071800029,0.024,Shared,39,0.73,0.071800029,0.024,0.24
A0493,Text,0.032280048,0.1286,Ignored,47,1.05,0.032280048,0.1286,0.4
A0494,Text,0.085187751,0.0581,Commented,15,1.21,0.085187751,0.0581,0.41
A0495,Text,0.074550183,0.1299,Liked,52,1.36,0.074550183,0.1299,0.71
A0496,Video,0.047431879,0.0223,Ignored,19,0.49,0.047431879,0.0223,0.22
A0497,Video,0.069527786,0.1293,Ignored,56,1.31,0.069527786,0.1293,0.69
A0498,Video,0.13231333947557325,0.0616,Shared,58,0.41,0.13231333947557325,0.0616,1.99
A0499,Image,0.049600616,0.112,Liked,59,0.87,0.049600616,0.112,0.64
A0500,Image,0.042949287195672155,0.1343,Shared,35,0.52,0.042949287195672155,0.1343,1.11
A0501,Video,0.036975193,0.0571,Liked,42,0.98,0.036975193,0.0571,0.22
A0502,Image,0.027144548,0.1047,Ignored,33,0.6,0.027144548,0.1047,0.47
A0503,Video,0.056321477637175946,0.0118,Ignored,12,1.25,0.056321477637175946,0.0118,0.05
A0504,Image,0.066415119,0.0782,Shared,12,0.23,0.066415119,0.0782,2.26
A0505,Text,0.10574994967562955,0.0388,Liked,35,1.34,0.10574994967562955,0.0388,0.31
A0506,Video,0.038687605716135755,0.147,Commented,10,0.81,0.038687605716135755,0.147,0.7
A0507,Image,0.026092431956357152,0.0781,Ignored,57,1,0.026092431956357152,0.0781,0.2
A0508,Video,0.040275252,0.0639,Ignored,53,0.87,0.040275252,0.0639,0.3
A0509,Image,0.06503616,0.0347,Shared,19,0.25,0.06503616,0.0347,0.9
A0510,Image,0.036149421,0.0738,Ignored,16,0.83,0.036149421,0.0738,0.32
A0511,Image,0.1350523253691593,0.109,Liked,22,1.25,0.1350523253691593,0.109,1.18
A0512,Video,0.087223359,0.1104,Ignored,56,0.29,0.087223359,0.1104,3.32
A0513,Image,0.1306323920162104,0.0505,Commented,12,1.14,0.1306323920162104,0.0505,0.58
A0514,Image,0.14493896439169993,0.1071,Liked,48,1.18,0.14493896439169993,0.1071,1.32
A0515,Video,0.09565281,0.0805,Commented,35,0.11,0.09565281,0.0805,7
A0516,Image,0.14074197016075424,0.1395,Commented,20,0.58,0.14074197016075424,0.1395,3.39
A0517,Text,0.081765595,0.0651,Commented,20,0.73,0.081765595,0.0651,0.73
A0518,Image,0.059277303909343854,0.0776,Ignored,24,0.76,0.059277303909343854,0.0776,0.61
A0519,Text,0.038040551468450895,0.1129,Liked,20,0.35,0.038040551468450895,0.1129,1.23
A0520,Video,0.024013334626661734,0.1214,Commented,36,1.27,0.024013334626661734,0.1214,0.23
A0521,Image,0.065935827,0.0351,Ignored,16,1.03,0.065935827,0.0351,0.22
A0522,Text,0.1079700180298255,0.0691,Shared,29,1.35,0.1079700180298255,0.0691,0.55
A0523,Image,0.016535763,0.0873,Liked,53,1.23,0.016535763,0.0873,0.12
A0524,Text,0.14049282642832714,0.0926,Liked,41,1,0.14049282642832714,0.0926,1.3
A0525,Image,0.12179958912963447,0.1396,Liked,48,0.19,0.12179958912963447,0.1396,8.95
A0526,Video,0.13107046746230586,0.0276,Ignored,47,0.28,0.13107046746230586,0.0276,1.29
A0527,Video,0.0955729,0.0769,Liked,34,1.22,0.0955729,0.0769,0.6
A0528,Text,0.026249966907667975,0.0491,Shared,13,1.11,0.026249966907667975,0.0491,0.12
A0529,Video,0.034271793268553785,0.0849,Liked,40,1.48,0.034271793268553785,0.0849,0.2
A0530,Image,0.056059019,0.13,Commented,53,0.7,0.056059019,0.13,1.04
A0531,Text,0.14088484411191882,0.0321,Shared,60,0.84,0.14088484411191882,0.0321,0.54
A0532,Image,0.019064700208559573,0.0468,Commented,34,0.76,0.019064700208559573,0.0468,0.12
A0533,Image,0.11130325025049473,0.097,Commented,13,1.34,0.11130325025049473,0.097,0.81
A0534,Image,0.028647367912841164,0.093,Liked,49,0.61,0.028647367912841164,0.093,0.44
A0535,Text,0.084489972,0.0378,Liked,59,1.01,0.084489972,0.0378,0.32
A0536,Text,0.036341616,0.0889,Commented,36,0.93,0.036341616,0.0889,0.35
A0537,Image,0.061991982,0.0935,Liked,42,0.95,0.061991982,0.0935,0.61
A0538,Video,0.10808588317583978,0.0313,Commented,56,0.34,0.10808588317583978,0.0313,1
A0539,Video,0.12947258757492525,0.1432,Commented,49,0.84,0.12947258757492525,0.1432,2.21
A0540,Text,0.072675631,0.0603,Commented,38,1.1,0.072675631,0.0603,0.4
A0541,Text,0.067383539,0.1253,Ignored,46,1.15,0.067383539,0.1253,0.73
A0542,Image,0.13313158222278784,0.0557,Ignored,57,0.51,0.13313158222278784,0.0557,1.45
A0543,Image,0.041266631810633954,0.0524,Ignored,45,0.32,0.041266631810633954,0.0524,0.68
A0544,Image,0.010064881165106543,0.1395,Commented,29,1,0.010064881165106543,0.1395,0.14
A0545,Video,0.09445624,0.0769,Ignored,46,0.23,0.09445624,0.0769,3.16
A0546,Text,0.021920742182205202,0.0463,Shared,50,1.3,0.021920742182205202,0.0463,0.08
A0547,Video,0.029384260404884253,0.0607,Liked,46,1.3,0.029384260404884253,0.0607,0.14
A0548,Text,0.018015205,0.0813,Ignored,18,0.2,0.018015205,0.0813,0.73
A0549,Image,0.13661612160078931,0.0566,Liked,29,1.38,0.13661612160078931,0.0566,0.56
A0550,Video,0.051886315,0.0198,Ignored,58,0.85,0.051886315,0.0198,0.12
A0551,Image,0.10709341850665398,0.0248,Ignored,47,1.2,0.10709341850665398,0.0248,0.22
A0552,Video,0.051971049,0.0308,Shared,43,0.13,0.051971049,0.0308,1.23
A0553,Text,0.046810768,0.0297,Ignored,57,0.48,0.046810768,0.0297,0.29
A0554,Image,0.058292210072413066,0.0254,Ignored,14,0.99,0.058292210072413066,0.0254,0.15
A0555,Image,0.015592357752864978,0.0457,Commented,16,1.04,0.015592357752864978,0.0457,0.07
A0556,Text,0.062272982576019105,0.142,Liked,11,1.08,0.062272982576019105,0.142,0.82
A0557,Text,0.070303282,0.0363,Shared,19,1.3,0.070303282,0.0363,0.2
A0558,Image,0.011714719665298698,0.0597,Shared,26,1.29,0.011714719665298698,0.0597,0.05
A0559,Image,0.063427799,0.0113,Ignored,27,1.33,0.063427799,0.0113,0.05
A0560,Text,0.025705624316152552,0.1245,Shared,34,1.31,0.025705624316152552,0.1245,0.24
A0561,Image,0.11896117196875207,0.0638,Commented,58,0.42,0.11896117196875207,0.0638,1.81
A0562,Image,0.053822711645458605,0.0696,Ignored,19,0.24,0.053822711645458605,0.0696,1.56
A0563,Image,0.097612274,0.0125,Liked,50,1.46,0.097612274,0.0125,0.08
A0564,Text,0.063260282,0.1043,Liked,14,1.37,0.063260282,0.1043,0.48
A0565,Image,0.14281073675514463,0.0976,Liked,60,1.44,0.14281073675514463,0.0976,0.97
A0566,Text,0.068210774,0.1337,Shared,31,0.24,0.068210774,0.1337,3.8
A0567,Text,0.030859821651287284,0.0786,Liked,23,0.83,0.030859821651287284,0.0786,0.29
A0568,Text,0.046669203,0.0383,Commented,36,0.39,0.046669203,0.0383,0.46
A0569,Image,0.1496002962225135,0.0455,Ignored,19,0.86,0.1496002962225135,0.0455,0.79
A0570,Text,0.04065355,0.0255,Commented,38,0.53,0.04065355,0.0255,0.2
A0571,Text,0.10989089368143891,0.1194,Liked,41,1.11,0.10989089368143891,0.1194,1.18
A0572,Text,0.11466326950809776,0.1215,Shared,21,0.96,0.11466326950809776,0.1215,1.45
A0573,Text,0.06834939,0.0236,Liked,14,1.18,0.06834939,0.0236,0.14
A0574,Video,0.1161038267658757,0.0893,Shared,16,0.36,0.1161038267658757,0.0893,2.88
A0575,Text,0.12859697523993585,0.0659,Commented,58,0.68,0.12859697523993585,0.0659,1.25
A0576,Image,0.11790852120984247,0.0678,Commented,20,0.1,0.11790852120984247,0.0678,7.99
A0577,Text,0.069623668,0.0101,Ignored,21,1.38,0.069623668,0.0101,0.05
A0578,Video,0.037997959982816944,0.0872,Ignored,46,1.11,0.037997959982816944,0.0872,0.3
A0579,Video,0.1476185936217181,0.0853,Shared,37,1.06,0.1476185936217181,0.0853,1.19
A0580,Image,0.12357782956225878,0.0694,Liked,37,1.07,0.12357782956225878,0.0694,0.8
A0581,Text,0.084891118,0.1234,Shared,38,0.45,0.084891118,0.1234,2.33
A0582,Video,0.10693760301484269,0.0921,Shared,20,1.07,0.10693760301484269,0.0921,0.92
A0583,Video,0.010704318928514122,0.0883,Shared,28,0.45,0.010704318928514122,0.0883,0.21
A0584,Image,0.063917789,0.0533,Ignored,33,0.15,0.063917789,0.0533,2.27
A0585,Text,0.028059384043869685,0.1233,Commented,27,0.58,0.028059384043869685,0.1233,0.6
A0586,Text,0.094830248,0.1145,Shared,29,0.48,0.094830248,0.1145,2.26
A0587,Image,0.031505564,0.0633,Liked,34,1.22,0.031505564,0.0633,0.16
A0588,Video,0.062791408,0.1344,Liked,16,0.61,0.062791408,0.1344,1.38
A0589,Text,0.11831562956991037,0.1084,Ignored,48,0.78,0.11831562956991037,0.1084,1.64
A0590,Video,0.042616637,0.1057,Commented,60,1.41,0.042616637,0.1057,0.32
A0591,Image,0.1346895878556023,0.053,Commented,38,0.65,0.1346895878556023,0.053,1.1
A0592,Text,0.11456147512483633,0.0946,Commented,57,1.18,0.11456147512483633,0.0946,0.92
A0593,Video,0.14954261700118482,0.1033,Liked,47,1.22,0.14954261700118482,0.1033,1.27
A0594,Text,0.096056156,0.0306,Ignored,42,0.69,0.096056156,0.0306,0.43
A0595,Video,0.10836796409048625,0.067,Commented,11,0.22,0.10836796409048625,0.067,3.3
A0596,Text,0.099607927,0.1086,Shared,57,0.2,0.099607927,0.1086,5.41
A0597,Image,0.10161012480829047,0.1333,Liked,30,0.71,0.10161012480829047,0.1333,1.91
A0598,Image,0.039771204,0.0584,Commented,27,1.04,0.039771204,0.0584,0.22
A0599,Image,0.038011044548206974,0.1418,Commented,34,0.94,0.038011044548206974,0.1418,0.57
A0600,Text,0.079520825,0.0329,Shared,37,1.05,0.079520825,0.0329,0.25
A0601,Text,0.079011571,0.0709,Ignored,12,0.86,0.079011571,0.0709,0.65
A0602,Video,0.10799885433085699,0.0803,Liked,51,0.18,0.10799885433085699,0.0803,4.82
A0603,Text,0.031178502,0.0859,Liked,34,1.39,0.031178502,0.0859,0.19
A0604,Image,0.043830234,0.0143,Shared,14,1.24,0.043830234,0.0143,0.05
A0605,Text,0.026202730362896963,0.0854,Shared,43,0.29,0.026202730362896963,0.0854,0.77
A0606,Image,0.031599874,0.0163,Liked,13,0.64,0.031599874,0.0163,0.08
A0607,Image,0.053632186389270683,0.1486,Liked,13,1.4,0.053632186389270683,0.1486,0.57
A0608,Image,0.13659395691228052,0.0497,Liked,51,1.04,0.13659395691228052,0.0497,0.65
A0609,Image,0.14998740361119509,0.1083,Commented,21,0.61,0.14998740361119509,0.1083,2.66
A0610,Image,0.12732941626108135,0.1103,Ignored,45,0.84,0.12732941626108135,0.1103,1.67
A0611,Text,0.12603884558435724,0.1452,Liked,56,1.35,0.12603884558435724,0.1452,1.36
A0612,Video,0.097920907,0.126,Commented,32,0.65,0.097920907,0.126,1.9
A0613,Text,0.11731164143773841,0.0993,Shared,14,0.54,0.11731164143773841,0.0993,2.16
A0614,Image,0.063179248,0.0768,Shared,58,0.26,0.063179248,0.0768,1.87
A0615,Video,0.11408599814445874,0.0701,Shared,31,1.2,0.11408599814445874,0.0701,0.67
A0616,Text,0.064424166,0.014,Liked,26,0.66,0.064424166,0.014,0.14
A0617,Text,0.1157939979951014,0.1429,Shared,38,1.38,0.1157939979951014,0.1429,1.2
A0618,Video,0.07997559,0.0128,Shared,49,1.33,0.07997559,0.0128,0.08
A0619,Text,0.057022815,0.0784,Liked,29,0.23,0.057022815,0.0784,1.94
A0620,Video,0.084874771,0.0284,Liked,26,1.23,0.084874771,0.0284,0.2
A0621,Video,0.062208016,0.0404,Shared,53,0.55,0.062208016,0.0404,0.46
A0622,Image,0.059018081,0.0822,Ignored,49,0.31,0.059018081,0.0822,1.56
A0623,Text,0.064847739,0.0925,Liked,48,0.48,0.064847739,0.0925,1.25
A0624,Text,0.012645213,0.1138,Shared,58,0.99,0.012645213,0.1138,0.15
A0625,Video,0.048754057,0.1386,Commented,52,0.44,0.048754057,0.1386,1.54
A0626,Text,0.118581741,0.058,Liked,29,0.43,0.118581741,0.058,1.6
A0627,Text,0.13453483415932177,0.0218,Ignored,39,0.87,0.13453483415932177,0.0218,0.34
A0628,Video,0.052677956815053294,0.0556,Shared,20,0.6,0.052677956815053294,0.0556,0.49
A0629,Video,0.061433606,0.0691,Commented,12,0.41,0.061433606,0.0691,1.04
A0630,Video,0.042479009244517994,0.1178,Shared,32,0.91,0.042479009244517994,0.1178,0.55
A0631,Text,0.14776255242792843,0.0498,Commented,44,0.5,0.14776255242792843,0.0498,1.47
A0632,Video,0.072641409,0.0942,Commented,54,1.39,0.072641409,0.0942,0.49
A0633,Video,0.062307356,0.0713,Commented,33,1.04,0.062307356,0.0713,0.43
A0634,Image,0.050507602,0.1459,Commented,47,1.43,0.050507602,0.1459,0.52
A0635,Text,0.11068153770884838,0.0681,Shared,24,0.61,0.11068153770884838,0.0681,1.24
A0636,Image,0.14640547695102976,0.0667,Commented,47,0.97,0.14640547695102976,0.0667,1.01
A0637,Image,0.11534604471804137,0.076,Commented,23,0.42,0.11534604471804137,0.076,2.09
A0638,Video,0.1305758792600044,0.0542,Ignored,59,0.96,0.1305758792600044,0.0542,0.74
A0639,Video,0.11623577528215842,0.1262,Commented,23,1.18,0.11623577528215842,0.1262,1.24
A0640,Image,0.032365857789722265,0.0281,Liked,23,0.25,0.032365857789722265,0.0281,0.36
A0641,Image,0.10648667884900796,0.1046,Commented,34,0.83,0.10648667884900796,0.1046,1.34
A0642,Text,0.079603068,0.127,Ignored,40,1.4,0.079603068,0.127,0.72
A0643,Image,0.093362028,0.0818,Shared,26,1.02,0.093362028,0.0818,0.75
A0644,Text,0.13036624827919946,0.0271,Shared,49,0.35,0.13036624827919946,0.0271,1.01
A0645,Image,0.022163568,0.0933,Shared,59,1.44,0.022163568,0.0933,0.14
A0646,Video,0.083661567,0.0637,Ignored,42,1.45,0.083661567,0.0637,0.37
A0647,Text,0.12464810538904071,0.0841,Ignored,17,1.19,0.12464810538904071,0.0841,0.88
A0648,Text,0.039287629,0.0485,Shared,42,0.52,0.039287629,0.0485,0.37
A0649,Text,0.095957194,0.0185,Commented,52,0.63,0.095957194,0.0185,0.28
A0650,Image,0.037913235,0.0747,Ignored,47,0.61,0.037913235,0.0747,0.46
A0651,Video,0.045555418,0.096,Shared,34,1.26,0.045555418,0.096,0.35
A0652,Image,0.091697083,0.0103,Commented,18,0.74,0.091697083,0.0103,0.13
A0653,Video,0.053099252,0.141,Shared,51,0.26,0.053099252,0.141,2.88
A0654,Image,0.022020259228045652,0.1066,Liked,40,0.39,0.022020259228045652,0.1066,0.6
A0655,Video,0.044107639,0.1181,Ignored,27,1.47,0.044107639,0.1181,0.35
A0656,Text,0.090266094,0.0589,Shared,20,1.23,0.090266094,0.0589,0.43
A0657,Video,0.14875982537127888,0.1217,Liked,54,1.04,0.14875982537127888,0.1217,1.74
A0658,Text,0.086110147,0.0318,Ignored,51,0.24,0.086110147,0.0318,1.14
A0659,Image,0.028730927721112978,0.0683,Commented,14,0.34,0.028730927721112978,0.0683,0.58
A0660,Text,0.075736207,0.0462,Ignored,29,0.66,0.075736207,0.0462,0.53
A0661,Image,0.14300559153302372,0.0884,Shared,54,0.42,0.14300559153302372,0.0884,3.01
A0662,Video,0.068722176,0.1017,Liked,60,1.44,0.068722176,0.1017,0.49
A0663,Text,0.030748912,0.1124,Liked,19,0.82,0.030748912,0.1124,0.42
A0664,Text,0.057972312,0.0947,Liked,20,0.94,0.057972312,0.0947,0.58
A0665,Video,0.060359477,0.0332,Shared,58,1.2,0.060359477,0.0332,0.17
A0666,Image,0.025437980418634487,0.0837,Shared,24,1.13,0.025437980418634487,0.0837,0.19
A0667,Text,0.040281982,0.0688,Commented,29,1.45,0.040281982,0.0688,0.19
A0668,Image,0.05857739,0.122,Shared,57,0.25,0.05857739,0.122,2.86
A0669,Video,0.02628305,0.0721,Commented,22,0.85,0.02628305,0.0721,0.22
A0670,Image,0.11453169771744955,0.0342,Ignored,23,0.98,0.11453169771744955,0.0342,0.4
A0671,Video,0.035264236,0.0325,Commented,13,0.64,0.035264236,0.0325,0.18
A0672,Text,0.019833155,0.1172,Liked,53,1.16,0.019833155,0.1172,0.2
A0673,Image,0.024636151343466327,0.083,Shared,60,1.08,0.024636151343466327,0.083,0.19
A0674,Text,0.084309899,0.059,Ignored,54,1.1,0.084309899,0.059,0.45
A0675,Image,0.1496895509235147,0.0837,Liked,17,0.2,0.1496895509235147,0.0837,6.26
A0676,Video,0.107246828,0.0729,Ignored,24,1.46,0.107246828,0.0729,0.54
A0677,Text,0.11414266969817827,0.0679,Commented,51,0.65,0.11414266969817827,0.0679,1.19
A0678,Video,0.12989455464600963,0.1323,Ignored,42,1.06,0.12989455464600963,0.1323,1.62
A0679,Text,0.086859397,0.107,Commented,36,0.54,0.086859397,0.107,1.72
A0680,Text,0.021834878497118137,0.1257,Shared,50,0.83,0.021834878497118137,0.1257,0.33
A0681,Text,0.12661510305338297,0.0218,Shared,37,0.53,0.12661510305338297,0.0218,0.52
A0682,Text,0.095696288,0.068,Ignored,24,1.2,0.095696288,0.068,0.54
A0683,Text,0.081383212,0.1118,Shared,56,0.33,0.081383212,0.1118,2.76
A0684,Image,0.044409807506941096,0.1025,Liked,38,0.98,0.044409807506941096,0.1025,0.46
A0685,Image,0.022241891229892154,0.0155,Ignored,15,1.08,0.022241891229892154,0.0155,0.03
A0686,Image,0.11976963641833968,0.1082,Liked,19,0.12,0.11976963641833968,0.1082,10.8
A0687,Text,0.055709681734692935,0.0678,Liked,57,0.8,0.055709681734692935,0.0678,0.47
A0688,Text,0.08124241,0.0944,Liked,19,0.82,0.08124241,0.0944,0.94
A0689,Video,0.059669278196856704,0.0913,Liked,38,1.22,0.059669278196856704,0.0913,0.45
A0690,Text,0.064380116,0.0875,Shared,48,1.41,0.064380116,0.0875,0.4
A0691,Image,0.021534942955767016,0.136,Shared,40,1.2,0.021534942955767016,0.136,0.24
A0692,Video,0.061890098,0.0433,Commented,53,0.61,0.061890098,0.0433,0.44
A0693,Image,0.091949515,0.0246,Liked,21,1.02,0.091949515,0.0246,0.22
A0694,Image,0.038657008234013836,0.0508,Ignored,47,0.35,0.038657008234013836,0.0508,0.56
A0695,Text,0.14938427720402916,0.0401,Ignored,56,0.45,0.14938427720402916,0.0401,1.33
A0696,Image,0.12455131820661706,0.1495,Ignored,47,0.27,0.12455131820661706,0.1495,6.9
A0697,Image,0.13742569312581637,0.0752,Liked,52,0.94,0.13742569312581637,0.0752,1.1
A0698,Image,0.056784873,0.1193,Shared,59,0.26,0.056784873,0.1193,2.61
A0699,Text,0.096180757,0.1278,Liked,36,1.12,0.096180757,0.1278,1.1
A0700,Video,0.047996352,0.0535,Liked,16,0.54,0.047996352,0.0535,0.48
A0701,Video,0.1123365643585821,0.0606,Shared,31,1.38,0.1123365643585821,0.0606,0.49
A0702,Image,0.010279897278364824,0.1258,Ignored,33,0.42,0.010279897278364824,0.1258,0.31
A0703,Image,0.028962653134136304,0.1124,Commented,46,0.27,0.028962653134136304,0.1124,1.21
A0704,Video,0.080816273,0.0828,Ignored,46,0.19,0.080816273,0.0828,3.52
A0705,Image,0.11720233906665765,0.0214,Shared,10,1.12,0.11720233906665765,0.0214,0.22
A0706,Video,0.11489239286881192,0.0394,Ignored,15,1.29,0.11489239286881192,0.0394,0.35
A0707,Image,0.07447321,0.0753,Shared,45,0.85,0.07447321,0.0753,0.66
A0708,Image,0.056460607,0.0395,Liked,20,1.08,0.056460607,0.0395,0.21
A0709,Text,0.10870605148577224,0.075,Commented,40,0.55,0.10870605148577224,0.075,1.48
A0710,Image,0.047206019686296515,0.0216,Liked,51,0.75,0.047206019686296515,0.0216,0.14
A0711,Image,0.12836380376220205,0.0155,Commented,23,1.21,0.12836380376220205,0.0155,0.16
A0712,Text,0.11964153478678329,0.0947,Commented,57,0.91,0.11964153478678329,0.0947,1.25
A0713,Text,0.087631256,0.1029,Liked,23,0.28,0.087631256,0.1029,3.22
A0714,Text,0.025763316452318344,0.0174,Ignored,29,0.16,0.025763316452318344,0.0174,0.28
A0715,Text,0.067014156,0.0612,Ignored,43,0.81,0.067014156,0.0612,0.51
A0716,Video,0.011579617417924189,0.1169,Ignored,60,0.38,0.011579617417924189,0.1169,0.36
A0717,Text,0.051083451415975284,0.0887,Shared,40,1.39,0.051083451415975284,0.0887,0.33
A0718,Video,0.12357477765696151,0.0812,Shared,37,0.68,0.12357477765696151,0.0812,1.48
A0719,Video,0.046480053635637376,0.0518,Commented,23,0.78,0.046480053635637376,0.0518,0.31
A0720,Text,0.12393956815742178,0.0433,Commented,35,0.47,0.12393956815742178,0.0433,1.14
A0721,Image,0.14658001154218797,0.0732,Ignored,56,1.35,0.14658001154218797,0.0732,0.79
A0722,Text,0.057490581,0.0136,Ignored,42,0.89,0.057490581,0.0136,0.09
A0723,Image,0.068366047,0.0168,Commented,56,0.96,0.068366047,0.0168,0.12
A0724,Video,0.015491292246391217,0.1431,Liked,60,1.41,0.015491292246391217,0.1431,0.16
A0725,Video,0.10131301898421931,0.1329,Shared,38,1.41,0.10131301898421931,0.1329,0.95
A0726,Image,0.074278738,0.1367,Shared,38,0.33,0.074278738,0.1367,3.08
A0727,Image,0.096172107,0.0564,Liked,14,0.16,0.096172107,0.0564,3.39
A0728,Image,0.081533302,0.062,Liked,54,0.54,0.081533302,0.062,0.94
A0729,Video,0.11054698242332996,0.1428,Liked,14,1.08,0.11054698242332996,0.1428,1.46
A0730,Video,0.093440452,0.0515,Ignored,28,0.55,0.093440452,0.0515,0.87
A0731,Text,0.088497595,0.1307,Shared,58,0.66,0.088497595,0.1307,1.75
A0732,Text,0.092599351,0.0181,Commented,37,0.22,0.092599351,0.0181,0.76
A0733,Image,0.027741325,0.1035,Liked,18,1.37,0.027741325,0.1035,0.21
A0734,Video,0.12278315567327885,0.0676,Liked,16,1.22,0.12278315567327885,0.0676,0.68
A0735,Image,0.081905393,0.0619,Liked,17,1.5,0.081905393,0.0619,0.34
A0736,Image,0.11303189602361456,0.0717,Liked,42,1.33,0.11303189602361456,0.0717,0.61
A0737,Image,0.11077932143413255,0.0545,Ignored,20,0.38,0.11077932143413255,0.0545,1.59
A0738,Image,0.094950451,0.0622,Commented,45,1.04,0.094950451,0.0622,0.57
A0739,Video,0.14285299860098194,0.0342,Commented,57,0.25,0.14285299860098194,0.0342,1.95
A0740,Video,0.10021803991102463,0.0911,Ignored,27,0.89,0.10021803991102463,0.0911,1.03
A0741,Image,0.085189288,0.0131,Ignored,47,0.29,0.085189288,0.0131,0.38
A0742,Image,0.05077965,0.0785,Ignored,24,0.39,0.05077965,0.0785,1.02
A0743,Text,0.10823537996630801,0.0442,Commented,56,0.55,0.10823537996630801,0.0442,0.87
A0744,Image,0.017210406,0.0723,Ignored,59,0.39,0.017210406,0.0723,0.32
A0745,Text,0.092464521,0.0663,Shared,53,0.6,0.092464521,0.0663,1.02
A0746,Video,0.051818593,0.0133,Ignored,36,1.44,0.051818593,0.0133,0.05
A0747,Text,0.030354311665100372,0.0889,Ignored,46,1.22,0.030354311665100372,0.0889,0.22
A0748,Video,0.070254621,0.0374,Commented,36,1.15,0.070254621,0.0374,0.23
A0749,Image,0.064437756,0.1448,Shared,29,1.18,0.064437756,0.1448,0.79
A0750,Video,0.038963636671146155,0.1094,Liked,35,1.47,0.038963636671146155,0.1094,0.29
A0751,Video,0.041587426,0.0536,Shared,21,0.92,0.041587426,0.0536,0.24
A0752,Video,0.1319120964252962,0.0288,Liked,44,0.33,0.1319120964252962,0.0288,1.15
A0753,Text,0.099430897,0.0894,Commented,39,0.88,0.099430897,0.0894,1.01
A0754,Video,0.035997429,0.0279,Commented,34,1.33,0.035997429,0.0279,0.08
A0755,Video,0.14322593031838776,0.1426,Commented,41,0.35,0.14322593031838776,0.1426,5.84
A0756,Video,0.07779197,0.018,Ignored,29,1.41,0.07779197,0.018,0.1
A0757,Image,0.1280142693720047,0.0751,Commented,54,1.14,0.1280142693720047,0.0751,0.84
A0758,Text,0.12333707919711281,0.1053,Commented,30,0.88,0.12333707919711281,0.1053,1.48
A0759,Text,0.11829546130671434,0.0358,Commented,26,1.41,0.11829546130671434,0.0358,0.3
A0760,Video,0.12047856871411838,0.1156,Ignored,13,0.48,0.12047856871411838,0.1156,2.9
A0761,Video,0.096313458,0.1082,Liked,33,1.21,0.096313458,0.1082,0.86
A0762,Video,0.14575549510664879,0.0967,Shared,21,0.62,0.14575549510664879,0.0967,2.27
A0763,Image,0.041329932,0.0399,Commented,48,1.24,0.041329932,0.0399,0.13
A0764,Image,0.12527660836905055,0.0795,Ignored,54,0.8,0.12527660836905055,0.0795,1.24
A0765,Image,0.11431873343148503,0.0302,Shared,31,0.63,0.11431873343148503,0.0302,0.55
A0766,Text,0.015499486878863364,0.1271,Shared,57,0.51,0.015499486878863364,0.1271,0.39
A0767,Image,0.018184064462272366,0.1233,Ignored,36,1.41,0.018184064462272366,0.1233,0.16
A0768,Video,0.088176337,0.0712,Ignored,30,0.76,0.088176337,0.0712,0.83
A0769,Text,0.082414162,0.0256,Liked,11,0.75,0.082414162,0.0256,0.28
A0770,Image,0.034667918,0.1108,Ignored,23,1.18,0.034667918,0.1108,0.33
A0771,Video,0.14349270075855886,0.1009,Commented,16,0.6,0.14349270075855886,0.1009,2.41
A0772,Video,0.097009303,0.0399,Shared,48,0.79,0.097009303,0.0399,0.49
A0773,Video,0.10369818861582142,0.0667,Liked,16,0.76,0.10369818861582142,0.0667,0.91
A0774,Text,0.1404430185492662,0.0829,Shared,30,0.39,0.1404430185492662,0.0829,2.99
A0775,Image,0.098293463,0.1325,Shared,49,1.43,0.098293463,0.1325,0.91
A0776,Video,0.075551993,0.0707,Ignored,24,0.29,0.075551993,0.0707,1.84
A0777,Image,0.062389609,0.1227,Liked,47,1.27,0.062389609,0.1227,0.6
A0778,Video,0.14820841923214592,0.025,Shared,41,1.08,0.14820841923214592,0.025,0.34
A0779,Text,0.12259051867988345,0.0258,Shared,12,1.37,0.12259051867988345,0.0258,0.23
A0780,Video,0.078509901,0.0106,Commented,50,0.65,0.078509901,0.0106,0.13
A0781,Video,0.021763468,0.0302,Shared,56,1.38,0.021763468,0.0302,0.05
A0782,Image,0.029166307828221244,0.0918,Liked,48,0.91,0.029166307828221244,0.0918,0.29
A0783,Image,0.11874008477151062,0.0271,Liked,40,0.56,0.11874008477151062,0.0271,0.57
A0784,Video,0.11966481387296413,0.1054,Commented,45,0.93,0.11966481387296413,0.1054,1.36
A0785,Image,0.034997479,0.1335,Commented,57,0.94,0.034997479,0.1335,0.5
A0786,Image,0.079786806,0.1353,Shared,17,0.53,0.079786806,0.1353,2.04
A0787,Video,0.13193812969872332,0.0784,Commented,46,0.1,0.13193812969872332,0.0784,10.34
A0788,Image,0.059912701,0.0505,Ignored,11,0.74,0.059912701,0.0505,0.41
A0789,Video,0.020868551469656042,0.0361,Commented,21,1.46,0.020868551469656042,0.0361,0.05
A0790,Video,0.13514985032466606,0.1325,Ignored,11,0.83,0.13514985032466606,0.1325,2.16
A0791,Video,0.062748981,0.1479,Commented,32,0.61,0.062748981,0.1479,1.52
A0792,Text,0.072033013,0.1278,Liked,39,0.38,0.072033013,0.1278,2.42
A0793,Image,0.040038472,0.0546,Commented,54,0.76,0.040038472,0.0546,0.29
A0794,Text,0.11090959618871138,0.0449,Commented,58,0.88,0.11090959618871138,0.0449,0.57
A0795,Text,0.1412038953653736,0.0245,Ignored,59,0.45,0.1412038953653736,0.0245,0.77
A0796,Video,0.025339221,0.0198,Ignored,43,1.1,0.025339221,0.0198,0.05
A0797,Text,0.11780361448383443,0.1129,Commented,12,0.62,0.11780361448383443,0.1129,2.15
A0798,Video,0.010621566446793707,0.1491,Commented,11,0.68,0.010621566446793707,0.1491,0.23
A0799,Video,0.12265692121828231,0.0189,Shared,18,0.29,0.12265692121828231,0.0189,0.8
A0800,Video,0.10852237595017591,0.1071,Shared,44,1.17,0.10852237595017591,0.1071,0.99
A0801,Image,0.1289955661804316,0.1351,Ignored,57,0.49,0.1289955661804316,0.1351,3.56
A0802,Text,0.13320988270943074,0.0802,Ignored,41,0.55,0.13320988270943074,0.0802,1.94
A0803,Text,0.028393473152905788,0.143,Liked,53,0.67,0.028393473152905788,0.143,0.61
A0804,Image,0.032111354,0.1077,Ignored,24,1.23,0.032111354,0.1077,0.28
A0805,Video,0.095123867,0.0445,Shared,38,0.96,0.095123867,0.0445,0.44
A0806,Video,0.096615144,0.0147,Liked,28,0.29,0.096615144,0.0147,0.49
A0807,Video,0.040479858159101094,0.0224,Ignored,17,1.41,0.040479858159101094,0.0224,0.06
A0808,Video,0.1256769619020247,0.0782,Liked,34,0.35,0.1256769619020247,0.0782,2.81
A0809,Video,0.025072627699241234,0.0167,Commented,45,1.34,0.025072627699241234,0.0167,0.03
A0810,Text,0.091397941,0.1062,Ignored,48,1.36,0.091397941,0.1062,0.71
A0811,Image,0.11297775332432701,0.0906,Commented,55,1.38,0.11297775332432701,0.0906,0.74
A0812,Video,0.1301487741458831,0.072,Liked,35,1.19,0.1301487741458831,0.072,0.79
A0813,Text,0.1177171606086181,0.0241,Ignored,55,0.19,0.1177171606086181,0.0241,1.49
A0814,Image,0.069252932,0.0107,Commented,22,0.81,0.069252932,0.0107,0.09
A0815,Image,0.12835306230074303,0.1053,Commented,52,0.52,0.12835306230074303,0.1053,2.6
A0816,Text,0.11996814154025524,0.0268,Ignored,23,1.46,0.11996814154025524,0.0268,0.22
A0817,Video,0.11414218989706372,0.1222,Liked,20,0.33,0.11414218989706372,0.1222,4.23
A0818,Text,0.069108619,0.0482,Liked,36,0.47,0.069108619,0.0482,0.71
A0819,Text,0.013174906680696654,0.0304,Liked,48,1.43,0.013174906680696654,0.0304,0.03
A0820,Video,0.093005647,0.0896,Commented,49,1.47,0.093005647,0.0896,0.57
A0821,Video,0.040282835426413505,0.0834,Shared,56,0.98,0.040282835426413505,0.0834,0.34
A0822,Video,0.070793848,0.0455,Liked,57,0.89,0.070793848,0.0455,0.36
A0823,Text,0.047287266,0.1078,Liked,45,0.48,0.047287266,0.1078,1.06
A0824,Image,0.015745384060865515,0.0121,Shared,41,1.26,0.015745384060865515,0.0121,0.02
A0825,Text,0.14339601996754348,0.0748,Ignored,19,0.59,0.14339601996754348,0.0748,1.82
A0826,Video,0.044653387,0.0769,Ignored,41,0.18,0.044653387,0.0769,1.91
A0827,Image,0.017880852196581844,0.1093,Commented,17,1.21,0.017880852196581844,0.1093,0.16
A0828,Image,0.013585372558766826,0.1043,Shared,40,0.2,0.013585372558766826,0.1043,0.71
A0829,Video,0.10969012583990206,0.0766,Commented,33,1.43,0.10969012583990206,0.0766,0.59
A0830,Text,0.025259872738632925,0.0632,Shared,54,0.86,0.025259872738632925,0.0632,0.19
A0831,Image,0.04410913,0.1097,Ignored,33,1.38,0.04410913,0.1097,0.35
A0832,Image,0.071605836,0.0595,Liked,40,0.82,0.071605836,0.0595,0.52
A0833,Text,0.10542092937794474,0.0908,Liked,23,0.69,0.10542092937794474,0.0908,1.39
A0834,Video,0.1367300218460412,0.1057,Shared,18,0.96,0.1367300218460412,0.1057,1.51
A0835,Image,0.1392095080848275,0.0159,Commented,33,0.54,0.1392095080848275,0.0159,0.41
A0836,Video,0.10431597465783499,0.1162,Ignored,36,0.27,0.10431597465783499,0.1162,4.49
A0837,Video,0.077679753,0.0199,Liked,60,0.24,0.077679753,0.0199,0.64
A0838,Video,0.13750240814017586,0.0435,Shared,46,0.15,0.13750240814017586,0.0435,3.99
A0839,Text,0.042528234,0.0249,Liked,49,1.05,0.042528234,0.0249,0.1
A0840,Video,0.081251038,0.0262,Ignored,15,0.38,0.081251038,0.0262,0.56
A0841,Video,0.011314601451901447,0.0421,Commented,15,0.61,0.011314601451901447,0.0421,0.08
A0842,Video,0.015923673678229347,0.1292,Shared,34,0.43,0.015923673678229347,0.1292,0.48
A0843,Video,0.12322027743010866,0.0109,Shared,35,0.46,0.12322027743010866,0.0109,0.29
A0844,Video,0.1224289241420154,0.0697,Shared,52,1.16,0.1224289241420154,0.0697,0.74
A0845,Video,0.06022268,0.1039,Shared,49,1.09,0.06022268,0.1039,0.57
A0846,Video,0.11490066898582983,0.0539,Ignored,16,0.18,0.11490066898582983,0.0539,3.44
A0847,Text,0.05628101,0.1089,Ignored,37,1.29,0.05628101,0.1089,0.48
A0848,Image,0.11833206886476362,0.1172,Commented,46,1.07,0.11833206886476362,0.1172,1.3
A0849,Text,0.039719170206498976,0.1277,Commented,60,1.23,0.039719170206498976,0.1277,0.41
A0850,Text,0.085679212,0.1405,Commented,35,0.5,0.085679212,0.1405,2.41
A0851,Video,0.1483798303651117,0.1456,Shared,30,1.35,0.1483798303651117,0.1456,1.6
A0852,Image,0.036366427216584854,0.041,Commented,36,1.24,0.036366427216584854,0.041,0.12
A0853,Text,0.029300903881395307,0.0761,Shared,44,0.83,0.029300903881395307,0.0761,0.27
A0854,Image,0.14091263018144062,0.1016,Commented,25,1.3,0.14091263018144062,0.1016,1.1
A0855,Video,0.11628539407262409,0.0999,Liked,50,0.89,0.11628539407262409,0.0999,1.31
A0856,Image,0.11916416668576665,0.0589,Ignored,15,0.15,0.11916416668576665,0.0589,4.68
A0857,Video,0.086463306,0.1282,Ignored,12,0.26,0.086463306,0.1282,4.26
A0858,Image,0.12234086359297255,0.1168,Liked,26,0.54,0.12234086359297255,0.1168,2.65
A0859,Text,0.13886891908939486,0.1325,Liked,42,1.28,0.13886891908939486,0.1325,1.44
A0860,Video,0.14716209759754195,0.1031,Commented,55,0.83,0.14716209759754195,0.1031,1.83
A0861,Video,0.050668197687751354,0.1199,Liked,55,0.45,0.050668197687751354,0.1199,1.35
A0862,Video,0.030562105630645223,0.0288,Liked,23,0.22,0.030562105630645223,0.0288,0.4
A0863,Text,0.063174019,0.1048,Liked,55,1.22,0.063174019,0.1048,0.54
A0864,Image,0.067793908,0.1461,Commented,26,0.44,0.067793908,0.1461,2.25
A0865,Text,0.032827739,0.0588,Ignored,19,1.03,0.032827739,0.0588,0.19
A0866,Video,0.087954907,0.112,Liked,40,0.78,0.087954907,0.112,1.26
A0867,Image,0.13293647387470234,0.1452,Commented,43,0.25,0.13293647387470234,0.1452,7.72
A0868,Video,0.073169298,0.0507,Shared,30,0.8,0.073169298,0.0507,0.46
A0869,Image,0.10290203518767566,0.0236,Commented,39,0.37,0.10290203518767566,0.0236,0.66
A0870,Video,0.088912903,0.0557,Ignored,39,0.34,0.088912903,0.0557,1.46
A0871,Image,0.12314230902396142,0.0366,Commented,57,1.01,0.12314230902396142,0.0366,0.45
A0872,Text,0.031774463,0.0593,Ignored,18,1.31,0.031774463,0.0593,0.14
A0873,Image,0.050500237419780755,0.1144,Ignored,31,1.09,0.050500237419780755,0.1144,0.53
A0874,Text,0.020170971239073868,0.0646,Ignored,53,1.29,0.020170971239073868,0.0646,0.1
A0875,Text,0.096245446,0.0236,Ignored,60,0.21,0.096245446,0.0236,1.08
A0876,Image,0.126441763,0.1224,Ignored,58,0.75,0.126441763,0.1224,2.06
A0877,Video,0.055183203215430646,0.0324,Shared,39,0.2,0.055183203215430646,0.0324,0.89
A0878,Text,0.010533151,0.067,Liked,52,0.43,0.010533151,0.067,0.16
A0879,Video,0.019322762,0.0818,Shared,59,1.02,0.019322762,0.0818,0.15
A0880,Text,0.1326114080635577,0.1482,Shared,51,1.29,0.1326114080635577,0.1482,1.52
A0881,Image,0.12248084173569805,0.0635,Shared,22,1.45,0.12248084173569805,0.0635,0.54
A0882,Text,0.12087292742247133,0.1107,Ignored,39,1.04,0.12087292742247133,0.1107,1.29
A0883,Image,0.11602131102936838,0.0375,Liked,40,0.88,0.11602131102936838,0.0375,0.49
A0884,Text,0.031477419404644595,0.0382,Ignored,51,1.46,0.031477419404644595,0.0382,0.08
A0885,Text,0.043860117,0.0369,Shared,26,1.03,0.043860117,0.0369,0.16
A0886,Text,0.023253418132497067,0.14,Commented,54,0.91,0.023253418132497067,0.14,0.36
A0887,Video,0.070845254,0.0243,Liked,29,1.21,0.070845254,0.0243,0.14
A0888,Image,0.057396884,0.0153,Liked,13,0.26,0.057396884,0.0153,0.34
A0889,Text,0.047962558,0.0925,Commented,55,0.35,0.047962558,0.0925,1.27
A0890,Text,0.035462643865964025,0.096,Shared,29,0.29,0.035462643865964025,0.096,1.17
A0891,Text,0.059917080464815135,0.1395,Shared,46,0.15,0.059917080464815135,0.1395,5.57
A0892,Video,0.061269891,0.0501,Shared,19,0.15,0.061269891,0.0501,2.05
A0893,Image,0.016609149034110107,0.1414,Shared,41,0.85,0.016609149034110107,0.1414,0.28
A0894,Image,0.066336196,0.0282,Liked,40,0.95,0.066336196,0.0282,0.2
A0895,Video,0.085114955,0.0952,Liked,12,1.01,0.085114955,0.0952,0.8
A0896,Video,0.12973508909334344,0.1329,Liked,13,1.43,0.12973508909334344,0.1329,1.21
A0897,Video,0.065487018,0.0495,Shared,10,1.44,0.065487018,0.0495,0.23
A0898,Text,0.027142714474699688,0.1441,Ignored,37,0.14,0.027142714474699688,0.1441,2.79
A0899,Image,0.10369226530306638,0.032,Ignored,14,0.76,0.10369226530306638,0.032,0.44
A0900,Image,0.067274938,0.0607,Shared,16,1.47,0.067274938,0.0607,0.28
A0901,Text,0.075366256,0.1062,Shared,13,1.48,0.075366256,0.1062,0.54
A0902,Image,0.024383978073830477,0.0826,Commented,49,0.74,0.024383978073830477,0.0826,0.27
A0903,Video,0.022219685,0.0306,Shared,45,0.97,0.022219685,0.0306,0.07
A0904,Image,0.070681425,0.0671,Liked,22,0.11,0.070681425,0.0671,4.31
A0905,Image,0.070370167,0.1124,Commented,40,0.14,0.070370167,0.1124,5.65
A0906,Text,0.13866927495990305,0.0451,Commented,51,0.79,0.13866927495990305,0.0451,0.79
A0907,Video,0.099892518,0.1297,Commented,58,0.32,0.099892518,0.1297,4.05
A0908,Video,0.015239909,0.0118,Shared,11,0.22,0.015239909,0.0118,0.08
A0909,Text,0.062456374,0.0225,Ignored,25,1.38,0.062456374,0.0225,0.1
A0910,Text,0.056174447,0.0249,Shared,10,1.11,0.056174447,0.0249,0.13
A0911,Video,0.096023787,0.1452,Liked,35,1.36,0.096023787,0.1452,1.03
A0912,Video,0.11385931962219321,0.0494,Ignored,49,1.08,0.11385931962219321,0.0494,0.52
A0913,Video,0.080808552,0.0966,Shared,29,1.32,0.080808552,0.0966,0.59
A0914,Image,0.073678369,0.0822,Liked,28,1.46,0.073678369,0.0822,0.41
A0915,Video,0.10806894057461107,0.0564,Ignored,54,0.18,0.10806894057461107,0.0564,3.39
A0916,Text,0.1173178423755144,0.1303,Ignored,59,0.2,0.1173178423755144,0.1303,7.64
A0917,Image,0.049386315438892374,0.1455,Liked,46,0.28,0.049386315438892374,0.1455,2.57
A0918,Image,0.037012043,0.0846,Commented,39,0.34,0.037012043,0.0846,0.92
A0919,Image,0.036952189808625704,0.0176,Commented,13,0.91,0.036952189808625704,0.0176,0.07
A0920,Video,0.11337164061022043,0.1369,Shared,11,0.29,0.11337164061022043,0.1369,5.35
A0921,Image,0.1416183882677355,0.1296,Shared,41,0.81,0.1416183882677355,0.1296,2.27
A0922,Text,0.070216272,0.0663,Shared,53,0.66,0.070216272,0.0663,0.71
A0923,Text,0.016992859489565852,0.0999,Shared,60,0.59,0.016992859489565852,0.0999,0.29
A0924,Video,0.026641498818440662,0.1481,Commented,55,0.45,0.026641498818440662,0.1481,0.88
A0925,Text,0.020228323532382825,0.0396,Ignored,50,1.5,0.020228323532382825,0.0396,0.05
A0926,Video,0.1416513161019107,0.086,Ignored,38,1.05,0.1416513161019107,0.086,1.16
A0927,Video,0.13393908706111987,0.0308,Liked,60,0.93,0.13393908706111987,0.0308,0.44
A0928,Video,0.12141171771181697,0.1393,Shared,41,0.17,0.12141171771181697,0.1393,9.95
A0929,Image,0.024588053,0.0183,Liked,27,0.3,0.024588053,0.0183,0.15
A0930,Text,0.034823866,0.067,Ignored,22,0.28,0.034823866,0.067,0.83
A0931,Video,0.13609731723462892,0.0526,Commented,14,0.71,0.13609731723462892,0.0526,1.01
A0932,Text,0.10660085537982388,0.1302,Ignored,18,0.37,0.10660085537982388,0.1302,3.75
A0933,Text,0.036505548,0.0257,Shared,32,0.75,0.036505548,0.0257,0.13
A0934,Image,0.097141644,0.0598,Shared,36,1.18,0.097141644,0.0598,0.49
A0935,Text,0.052653291748688415,0.0287,Shared,10,1,0.052653291748688415,0.0287,0.15
A0936,Image,0.059882926225749755,0.0792,Shared,42,0.53,0.059882926225749755,0.0792,0.89
A0937,Text,0.11834760860267601,0.0887,Shared,55,0.39,0.11834760860267601,0.0887,2.69
A0938,Text,0.14677355365672787,0.0229,Commented,56,1.36,0.14677355365672787,0.0229,0.25
A0939,Text,0.12120211451665017,0.1126,Ignored,30,1.08,0.12120211451665017,0.1126,1.26
A0940,Text,0.01836678,0.0543,Liked,46,0.31,0.01836678,0.0543,0.32
A0941,Video,0.024592556569122962,0.1076,Ignored,23,1.19,0.024592556569122962,0.1076,0.22
A0942,Text,0.062155525,0.0571,Liked,50,0.17,0.062155525,0.0571,2.09
A0943,Image,0.020507675116359547,0.0107,Commented,41,0.53,0.020507675116359547,0.0107,0.04
A0944,Video,0.067461304,0.0637,Liked,23,0.91,0.067461304,0.0637,0.47
A0945,Text,0.1268978915680851,0.0529,Ignored,20,0.39,0.1268978915680851,0.0529,1.72
A0946,Image,0.12007578650354173,0.1073,Ignored,37,0.66,0.12007578650354173,0.1073,1.95
A0947,Video,0.011149943,0.0294,Commented,53,1.43,0.011149943,0.0294,0.02
A0948,Text,0.14808517007704572,0.0666,Ignored,32,1.44,0.14808517007704572,0.0666,0.68
